,TS_ID,Team,Season,Conference,NatChamp,Playoff,ConfChamp,Heisman,Games,Win,Loss,Off.Rank,Off.Plays,Off.Yards,Off.Yards.Play,Off.TDs,Off.Yards.per.Game,Def.Rank,Def.Plays,Yards.Allowed,Yards.Play.Allowed,Off.TDs.Allowed,Total.TDs.Allowed,Yards.Per.Game.Allowed,First.Down.Rank,First.Down.Runs,First.Down.Passes,First.Down.Penalties,First.Downs,First.Down.Def.Rank,Opp.First.Down.Runs,Opp.First.Down.Passes,Opp.First.Down.Penalties,Opp.First.Downs,X4th.Down.Rank,X4th.Attempts,X4th.Conversions,X4th.Percent,X4rd.Down.Def.Rank,Opp.4th.Conversion,Opp.4th.Attempt,Opponent.4th.Percent,Kickoff.Return.Rank,Kickoffs.Returned,Kickoff.Return.Yards,Kickoff.Return.Touchdowns,Avg.Yard.per.Kickoff.Return,Passing.Off.Rank,Pass.Attempts,Pass.Completions,Interceptions.Thrown.x,Pass.Yards,Pass.Yards.Attempt,Yards.Completion,Pass.Touchdowns,Pass.Yards.Per.Game,Pass.Def.Rank,Opp.Completions.Allowed,Opp.Pass.Attempts,Opp.Pass.Yds.Allowed,Opp.Pass.TDs.Allowed,Yards.Attempt.Allowed,Yards.Completion.Allowed,Pass.Yards.Per.Game.Allowed,Penalty.Rank,Penalties,Penalty.Yards,Penalty.Yards.Per.Game,Punt.Return.Rank,Punt.Returns,Net.Punt.Return.Yards,Punt.Return.Touchdowns,Avg.Yards.Per.Punt.Return,Punt.Return.Def.Rank,Opp.Punt.Returns,Opp.Net.Punt.Return.Yards,Opp.Punt.Return.Touchdowns.Allowed,Avg.Yards.Allowed.per.Punt.Return,Redzone.Off.Rank,Redzone.Attempts,Redzone.Rush.TD,Redzone.Pass.TD,Redzone.Field.Goals.Made,Redzone.Scores,Redzone.Points,Redzone.Def.Rank,Opp.Redzone.Attempts,Opp.Redzone.Rush.TD.Allowed,Opp.Redzone.Pass.Touchdowns.Allowed,Opp.Redzone.Field.Goals.Made,Opp.Redzone.Scores,Redzone.Points.Allowed,Rushing.Off.Rank,Rush.Attempts,Rush.Yds,Yards.Rush,Rushing.TD,Rushing.Yards.per.Game,Rushing.Def.Rank,Opp.Rush.Attempts,Opp.Rush.Yards.Alloweed,Yds.Rush.Allowed,Opp.Rush.Touchdowns.Allowed,Rush.Yards.Per.Game.Allowed,Sack.Rank,Sacks,Sack.Yards,Average.Sacks.per.Game,Scoring.Def.Rank,Touchdowns.Allowed,Opponent.Extra.Points,X2.Point.Conversions.Allowed,Opp.Deflected.Extra.Points,Opp.Feild.Goals.Made,Opp.Safety,Points.Allowed,Avg.Points.per.Game.Allowed,Scoring.Off.Rank,Touchdowns,PAT,X2.Point.Conversions,Defensive.Points,Feild.Goals,Safety,Total.Points,Points.Per.Game,Tackle.for.Loss.Rank,Solo.Tackle.For.Loss,Assist.Tackle.For.Loss,Tackle.for.Loss.Yards,Total.Tackle.For.Loss,Tackle.For.Loss.Per.Game,X3rd.Down.Rank,X3rd.Attempts,X3rd.Conversions,X3rd.Percent,X3rd.Down.Def.Rank,Opp.3rd.Conversion,Opp.3rd.Attempt,Opponent.3rd.Percent,Time.of.Possession.Rank,Average.T.O.P,Turnover.Rank,Fumbles.Recovered,Opponents.Intercepted,Turnovers.Gain,Fumbles.Lost,Interceptions.Thrown.y,Turnovers.Lost,Turnover.Margin,Avg.Turnover.Margin.per.Game,Avg Rank,Net Yards Per Play,winpct
81,864,Cincinnati,2020,AAC,0,0,1,0,9,9,0,19,612,4205,6.87,46,467,11,647,2830,4.37,15,16,314,65,68,80,27,175,65,68,80,27,175,20,9,13,1,19,9,23,0,85,21,25,473,0.0,48,258,173,6,2180,8.45,12.6,18,242,20,162,316,1731,6,5.48,10.69,192.3,120,77,688,76.44,72,11,83,0,7.55,72,11,83,0,7.55,76,42,18,10,6,34,0.81,18,28,8,5,8,21,0.75,14,354,2025,5.72,28,225.0,20,331,1099,3.32,9,122.1,15,11,63,1.22,7,16,14,2,0,10,0,144,16.0,15,48,45,0,0,7,0,354,39.3,23,51,32,273,67,7.4,14,118,57,0.48,27,50,140,0.36,25,32:04:00,37,4,15,19,9,6,15,4,0.44,15.0,2.5,1.0
82,870,East Carolina,2020,AAC,0,0,0,0,9,3,6,58,655,3624,5.53,30,403,101,648,4026,6.21,40,42,447,78,86,104,13,203,78,86,104,13,203,59,10,18,1,35,8,17,0,54,14,30,284,0.0,64,293,176,9,2060,7.03,11.7,19,229,83,194,297,2214,17,7.45,11.41,246.0,87,57,524,58.22,61,10,70,0,7.0,61,10,70,0,7.0,63,35,8,11,10,29,0.83,98,40,17,9,9,35,0.88,57,362,1564,4.32,11,173.8,98,351,1812,5.16,23,201.3,89,23,145,2.56,102,42,38,1,0,9,0,319,35.4,51,33,30,1,0,14,0,272,30.2,86,37,24,166,49,5.4,108,129,43,0.33,34,45,121,0.37,39,31:05:00,90,8,10,18,12,9,21,-3,-0.33,79.5,-0.6799999999999997,0.3333333333333333
83,882,Houston,2020,AAC,0,0,0,0,8,3,5,54,590,3271,5.54,27,409,58,552,3188,5.78,28,33,399,58,72,79,15,166,58,72,79,15,166,13,14,19,1,57,7,13,1,124,11,31,313,1.0,33,297,175,10,2126,7.16,12.15,15,266,65,140,238,1848,16,7.76,13.2,231.0,109,61,546,68.25,3,4,-5,0,-1.25,3,4,-5,0,-1.25,32,26,11,7,5,23,0.89,93,31,10,11,6,27,0.87,84,293,1145,3.91,12,143.1,71,314,1340,4.27,12,167.5,68,18,108,2.25,80,33,30,2,0,8,0,256,32.0,54,31,28,1,0,8,0,240,30.0,24,48,22,224,59,7.4,66,120,48,0.4,43,44,116,0.38,35,31:18:00,121,3,3,6,6,10,16,-10,-1.25,56.0,-0.2400000000000002,0.375
84,899,Memphis,2020,AAC,0,0,0,0,11,8,3,25,819,4984,6.09,40,453,87,841,4777,5.68,37,39,434,118,93,143,14,250,118,93,143,14,250,52,14,24,1,100,22,33,1,18,19,40,331,0.0,18,423,255,10,3387,8.01,13.28,31,308,118,269,428,3181,24,7.43,11.83,289.2,43,61,520,47.27,49,9,53,0,5.89,49,9,53,0,5.89,54,45,8,23,7,38,0.84,17,43,10,15,7,32,0.74,81,396,1597,4.03,9,145.2,44,413,1596,3.86,13,145.1,41,20,113,1.82,58,39,33,2,0,12,0,307,27.9,45,42,36,4,0,15,0,341,31.0,65,59,16,243,67,6.1,33,172,77,0.45,28,58,161,0.36,88,28:48:00,56,8,12,20,9,10,19,1,0.09,56.0,0.41000000000000014,0.7272727272727273
85,908,Navy,2020,AAC,0,0,0,0,10,3,7,124,607,2750,4.53,21,275,51,644,3855,5.99,34,34,386,75,105,80,13,198,75,105,80,13,198,22,20,30,1,100,12,18,1,7,14,10,234,0.0,125,124,57,4,974,7.85,17.09,6,97,12,140,230,1808,11,7.86,12.91,180.8,17,44,402,40.2,75,9,70,0,7.78,75,9,70,0,7.78,76,21,11,2,4,17,0.81,113,44,18,5,17,40,0.91,52,483,1776,3.68,15,177.6,100,414,2047,4.94,23,204.7,74,23,123,2.3,74,34,31,0,0,22,1,303,30.3,121,21,16,2,0,6,1,166,16.6,112,35,20,138,45,4.5,106,139,47,0.34,44,48,126,0.38,56,30:26:00,76,6,3,9,7,4,11,-2,-0.2,87.5,-1.46,0.3
86,932,SMU,2020,AAC,0,0,0,0,10,7,3,11,753,4945,6.57,47,495,78,748,4222,5.64,41,41,422,105,98,115,15,228,105,98,115,15,228,110,7,18,0,80,13,22,1,9,20,47,339,0.0,14,376,246,6,3180,8.46,12.93,23,318,75,186,320,2419,22,7.56,13.01,241.9,91,68,590,59.0,70,10,75,0,7.5,70,10,75,0,7.5,10,50,19,13,14,46,0.92,62,42,15,14,6,35,0.83,54,377,1765,4.68,24,176.5,81,428,1803,4.21,19,180.3,58,21,156,2.1,76,41,39,0,0,8,0,309,30.9,16,48,43,1,0,17,1,386,38.6,18,68,16,268,76,7.6,25,147,69,0.47,91,66,152,0.43,69,29:36:00,33,10,7,17,6,6,12,5,0.5,44.5,0.9300000000000006,0.7
87,935,South Fla.,2020,AAC,0,0,0,0,9,1,8,90,650,3288,5.06,23,365,92,656,3973,6.06,41,47,441,87,99,97,14,210,87,99,97,14,210,120,7,24,0,119,11,15,1,75,18,16,394,1.0,74,313,187,6,1949,6.23,10.42,12,217,64,164,270,2062,21,7.64,12.57,229.1,52,48,436,48.44,115,19,288,2,15.16,115,19,288,2,15.16,97,32,11,10,4,25,0.78,81,42,14,14,8,36,0.86,79,337,1339,3.97,11,148.8,106,386,1911,4.95,20,212.3,113,30,177,3.33,120,47,44,0,0,11,0,359,39.9,101,26,23,1,0,9,0,208,23.1,106,37,10,105,42,4.7,117,124,38,0.31,120,71,142,0.5,95,28:27:00,96,3,10,13,11,6,17,-4,-0.44,91.0,-1.0,0.1111111111111111
88,941,Temple,2020,AAC,0,0,0,0,7,1,6,101,524,2438,4.65,16,348,86,473,3031,6.41,33,34,433,46,81,60,9,150,46,81,60,9,150,56,8,14,1,126,10,11,1,103,20,2,479,1.0,84,240,146,11,1456,6.07,9.97,11,208,55,96,170,1571,18,9.24,16.36,224.4,35,38,321,45.86,100,17,197,0,11.59,100,17,197,0,11.59,88,29,5,9,9,23,0.79,77,27,12,6,5,23,0.85,89,284,982,3.46,5,140.3,102,303,1460,4.82,15,208.6,36,12,55,1.71,110,34,32,0,0,8,0,260,37.1,113,17,10,0,0,9,0,139,19.9,72,35,12,142,41,5.9,84,116,44,0.38,96,40,91,0.44,23,32:15:00,85,9,3,12,3,11,14,-2,-0.29,93.5,-1.7599999999999998,0.14285714285714285
89,949,Tulane,2020,AAC,0,0,0,0,12,6,6,63,829,4725,5.7,53,394,77,900,5064,5.63,43,45,422,120,110,124,21,255,120,110,124,21,255,62,12,22,1,41,16,33,0,72,29,35,632,1.0,109,313,165,10,2120,6.77,12.85,21,177,115,239,395,3344,27,8.47,13.99,278.7,68,75,629,52.42,59,22,147,0,6.68,59,22,147,0,6.68,49,47,23,11,6,40,0.85,23,41,14,11,6,31,0.76,21,516,2605,5.05,32,217.1,42,505,1720,3.41,16,143.3,103,35,229,2.92,59,45,34,2,0,9,1,337,28.1,23,56,51,1,0,9,0,416,34.7,7,84,34,405,101,8.4,104,150,51,0.34,62,78,195,0.4,93,28:38:00,38,10,9,19,4,10,14,5,0.42,70.0,0.07000000000000028,0.5
90,950,Tulsa,2020,AAC,0,0,0,0,8,6,2,56,576,3243,5.63,25,405,26,578,2726,4.72,16,17,341,53,69,66,23,158,53,69,66,23,158,58,9,16,1,57,7,13,1,86,32,3,721,0.0,50,260,147,9,1928,7.42,13.12,14,241,21,151,250,1558,9,6.23,10.32,194.8,126,74,676,84.5,117,12,198,0,16.5,117,12,198,0,16.5,88,29,9,6,8,23,0.79,15,30,5,6,11,22,0.73,64,316,1315,4.16,11,164.4,46,328,1168,3.56,7,146.0,47,16,111,2.0,23,17,17,0,0,15,1,166,20.8,73,27,24,0,0,10,1,218,27.2,10,55,18,216,64,8.0,77,122,47,0.39,14,41,125,0.33,96,28:23:00,58,10,6,16,7,9,16,0,0.0,41.0,0.9100000000000001,0.75
91,952,UCF,2020,AAC,0,0,0,0,10,6,4,2,859,5681,6.61,55,568,123,794,4918,6.19,43,44,492,125,112,144,20,276,125,112,144,20,276,62,12,22,1,63,11,20,1,89,25,50,571,0.0,3,415,249,4,3574,8.61,14.35,32,357,122,209,350,2992,26,8.55,14.32,299.2,116,92,748,74.8,96,11,120,0,10.91,96,11,120,0,10.91,22,55,19,18,12,49,0.89,89,45,15,17,7,39,0.87,25,444,2107,4.75,23,210.7,93,444,1926,4.34,17,192.6,63,22,139,2.2,92,44,34,4,0,8,1,332,33.2,8,55,46,4,0,12,1,422,42.2,31,60,22,293,71,7.1,12,160,78,0.49,90,63,146,0.43,110,27:30:00,7,13,9,22,6,4,10,12,1.2,62.5,0.41999999999999993,0.6
190,857,Boston College,2020,ACC,0,0,0,0,11,6,5,74,751,4245,5.65,34,386,73,750,4585,6.11,39,39,417,114,102,115,29,246,114,102,115,29,246,31,9,14,1,123,13,16,1,94,36,17,827,0.0,24,390,242,8,3126,8.02,12.92,23,284,81,216,350,2700,18,7.71,12.5,245.5,103,84,725,65.91,48,13,75,0,5.77,48,13,75,0,5.77,57,51,9,16,18,43,0.84,81,42,16,10,10,36,0.86,117,361,1119,3.1,11,101.7,75,400,1885,4.71,21,171.4,88,28,226,2.55,61,39,32,0,1,14,1,312,28.4,68,36,32,2,0,18,0,306,27.8,105,45,16,259,53,4.8,37,147,65,0.44,67,57,141,0.4,42,31:00:00,25,12,9,21,6,8,14,7,0.64,73.5,-0.45999999999999996,0.5454545454545454
191,865,Clemson,2020,ACC,0,1,1,0,11,10,1,10,831,5584,6.72,60,508,6,709,3283,4.63,19,23,299,58,55,90,21,166,58,55,90,21,166,9,10,13,1,16,7,19,0,82,12,72,269,0.0,7,442,293,5,3782,8.56,12.91,29,344,27,168,315,2185,11,6.94,13.01,198.6,60,62,558,50.73,83,15,130,0,8.67,83,15,130,0,8.67,34,56,25,14,10,49,0.88,29,26,6,8,6,20,0.77,65,389,1802,4.63,31,163.8,9,394,1098,2.79,8,99.8,31,18,134,1.64,11,23,22,0,0,11,0,193,17.5,3,63,60,0,0,18,1,494,44.9,3,80,46,437,103,9.4,27,167,78,0.47,9,49,161,0.3,44,30:52:00,17,9,13,22,8,5,13,9,0.82,8.0,2.09,0.9090909090909091
192,869,Duke,2020,ACC,0,0,0,0,11,2,9,80,829,4173,5.03,30,379,97,783,4893,6.25,53,56,445,115,121,111,15,247,115,121,111,15,247,85,11,23,0,100,14,21,1,76,25,18,548,0.0,70,391,220,19,2449,6.26,11.13,11,223,66,184,321,2548,22,7.94,13.85,231.6,61,62,562,51.09,9,16,12,1,0.75,9,16,12,1,0.75,80,35,14,4,10,28,0.8,71,44,18,12,7,37,0.84,72,438,1724,3.94,19,156.7,108,462,2345,5.08,31,213.2,114,37,195,3.36,115,56,53,0,0,10,0,419,38.1,90,33,30,1,1,13,1,273,24.8,45,55,36,294,73,6.6,76,168,65,0.39,77,64,155,0.41,94,28:34:00,125,11,9,20,20,19,39,-19,-1.73,88.5,-1.2199999999999998,0.18181818181818182
193,875,Florida St.,2020,ACC,0,0,0,0,9,3,6,62,644,3570,5.54,29,397,106,635,4107,6.47,41,43,456,90,91,96,28,215,90,91,96,28,215,73,15,28,1,32,6,13,0,70,23,18,495,0.0,97,292,159,13,1771,6.07,11.14,10,197,98,189,285,2314,16,8.12,12.24,257.1,123,80,700,77.78,33,14,67,0,4.79,33,14,67,0,4.79,110,31,13,6,4,23,0.74,62,42,21,7,7,35,0.83,31,352,1799,5.11,19,199.9,97,350,1793,5.12,25,199.2,111,29,213,3.22,105,43,40,1,0,8,0,324,36.0,85,30,26,0,0,8,1,232,25.8,88,35,26,153,48,5.3,101,132,47,0.36,104,53,114,0.47,53,30:33:00,90,6,8,14,4,13,17,-3,-0.33,84.0,-0.9299999999999997,0.3333333333333333
194,880,Georgia Tech,2020,ACC,0,0,0,0,10,3,7,72,691,3899,5.64,32,390,109,784,4593,5.86,43,46,459,112,101,117,23,241,112,101,117,23,241,116,9,25,0,37,11,23,0,60,33,11,686,0.0,93,283,152,13,1991,7.04,13.1,14,199,111,209,356,2701,22,7.59,12.92,270.1,117,89,749,74.9,94,8,83,0,10.38,94,8,83,0,10.38,121,30,11,6,3,20,0.67,80,48,17,12,12,41,0.85,41,408,1908,4.68,18,190.8,89,428,1892,4.42,21,189.2,74,23,146,2.3,109,46,43,1,0,15,1,368,36.8,93,34,26,0,0,3,0,239,23.9,61,49,26,247,62,6.2,59,146,60,0.41,107,71,152,0.47,114,27:05:00,109,12,6,18,12,13,25,-7,-0.7,90.5,-0.22000000000000064,0.3
195,894,Louisville,2020,ACC,0,0,0,0,11,4,7,28,735,4886,6.65,41,444,42,704,4060,5.77,34,35,369,76,99,87,14,200,76,99,87,14,200,68,13,24,1,20,8,20,0,33,38,14,702,0.0,47,315,202,12,2686,8.53,13.3,20,244,19,155,289,2081,15,7.2,13.43,189.2,69,69,577,52.45,98,6,67,0,11.17,98,6,67,0,11.17,30,44,17,12,10,39,0.89,59,41,16,9,9,34,0.83,29,420,2200,5.24,21,200.0,80,415,1979,4.77,19,179.9,97,30,178,2.73,49,35,29,2,0,16,1,293,26.6,57,41,40,0,0,13,0,325,29.5,77,52,22,220,63,5.7,34,143,64,0.45,61,59,149,0.4,32,31:30:00,120,7,5,12,12,12,24,-12,-1.09,35.0,0.8800000000000008,0.36363636363636365
196,900,Miami (FL),2020,ACC,0,0,0,0,10,8,2,36,725,4326,5.97,40,433,65,720,4074,5.66,31,32,407,106,96,107,26,229,106,96,107,26,229,15,10,14,1,53,9,17,1,106,15,46,364,1.0,30,333,209,6,2694,8.09,12.89,23,269,59,214,341,2268,16,6.65,10.6,226.8,112,78,699,69.9,68,8,59,0,7.38,68,8,59,0,7.38,19,39,14,9,12,35,0.9,59,41,11,12,11,34,0.83,66,392,1632,4.16,17,163.2,83,379,1806,4.77,15,180.6,100,29,183,2.9,44,32,32,0,0,12,0,260,26.0,27,41,36,2,0,18,0,340,34.0,4,66,40,358,86,8.6,55,146,61,0.42,44,56,147,0.38,106,27:51:00,27,9,7,16,4,6,10,6,0.6,50.5,0.3099999999999996,0.8
197,909,NC State,2020,ACC,0,0,0,0,11,8,3,69,768,4306,5.61,41,392,74,841,4600,5.47,36,39,418,124,104,128,32,264,124,104,128,32,264,43,6,10,1,56,15,28,1,100,25,33,591,1.0,36,361,225,12,2886,7.99,12.83,23,262,93,234,400,2801,20,7.0,11.97,254.6,122,89,846,76.91,97,20,219,1,10.95,97,20,219,1,10.95,61,47,16,15,8,39,0.83,42,49,12,15,12,39,0.8,98,407,1420,3.49,18,129.1,65,441,1799,4.08,16,163.5,91,29,238,2.64,68,39,35,1,0,18,1,327,29.7,43,44,40,0,0,12,1,342,31.1,16,63,44,307,85,7.7,36,149,66,0.44,40,64,170,0.38,86,28:57:00,83,3,10,13,4,12,16,-3,-0.27,71.5,0.14000000000000057,0.7272727272727273
198,913,North Carolina,2020,ACC,0,0,0,0,11,8,3,4,784,6123,7.81,63,557,56,768,4354,5.67,37,39,396,111,95,115,28,238,111,95,115,28,238,36,10,16,1,42,9,18,1,69,11,70,236,0.0,19,326,226,7,3383,10.38,14.97,28,308,85,214,369,2728,17,7.39,12.75,248.0,113,80,776,70.55,77,10,79,0,7.9,77,10,79,0,7.9,29,53,28,12,7,47,0.89,75,40,15,10,9,34,0.85,10,458,2740,5.98,35,249.1,48,399,1626,4.08,20,147.8,97,30,188,2.73,61,39,31,4,0,13,0,312,28.4,6,63,61,1,1,10,0,473,43.0,70,57,16,294,65,5.9,23,124,59,0.48,42,58,153,0.38,38,31:08:00,70,3,8,11,5,7,12,-1,-0.09,30.0,2.1399999999999997,0.7272727272727273
199,917,Notre Dame,2020,ACC,0,1,0,0,11,10,1,22,788,5007,6.35,46,455,20,687,3686,5.37,22,23,335,70,65,103,18,186,70,65,103,18,186,38,8,13,1,30,8,18,0,26,34,18,619,0.0,56,320,203,2,2613,8.17,12.87,15,238,56,200,358,2470,10,6.9,12.35,224.5,14,50,431,39.18,15,11,24,0,2.18,15,11,24,0,2.18,94,56,23,10,11,44,0.79,81,28,8,6,10,24,0.86,20,468,2394,5.12,31,217.6,15,329,1216,3.7,12,110.5,62,24,122,2.18,14,23,20,1,0,15,0,205,18.6,21,49,48,0,0,15,0,387,35.2,14,74,24,322,86,7.8,9,150,74,0.49,6,42,143,0.29,8,33:57:00,25,10,7,17,8,2,10,7,0.64,21.0,0.9799999999999995,0.9090909090909091
200,926,Pittsburgh,2020,ACC,0,0,0,0,11,6,5,79,814,4176,5.13,34,380,24,765,3735,4.88,34,35,340,82,76,101,29,206,82,76,101,29,206,78,9,18,1,63,11,20,1,21,21,44,372,0.0,38,425,245,12,2857,6.72,11.66,14,260,83,211,377,2706,23,7.18,12.82,246.0,114,88,777,70.64,86,9,83,1,9.22,86,9,83,1,9.22,20,47,19,8,15,42,0.89,18,32,9,9,6,24,0.75,111,389,1319,3.39,20,119.9,4,388,1029,2.65,11,93.5,80,26,191,2.36,40,35,33,0,0,9,0,270,24.5,61,36,32,1,0,23,0,319,29.0,2,85,52,452,111,10.1,99,173,63,0.36,24,59,167,0.35,37,31:09:00,41,6,14,20,4,12,16,4,0.36,51.5,0.25,0.5454545454545454
201,939,Syracuse,2020,ACC,0,0,0,0,11,1,10,125,656,2918,4.45,20,265,112,877,5103,5.82,43,45,464,126,124,130,28,282,126,124,130,28,282,118,6,18,0,96,11,17,1,78,18,21,398,0.0,110,336,173,12,1906,5.67,11.02,15,173,94,244,373,2803,19,7.51,11.49,254.8,105,77,728,66.18,57,26,170,0,6.54,57,26,170,0,6.54,121,21,2,7,5,14,0.67,43,50,19,7,14,40,0.8,121,320,1012,3.16,5,92.0,103,504,2300,4.56,24,209.1,118,38,222,3.45,90,45,40,1,0,16,0,360,32.7,117,24,23,0,0,9,1,196,17.8,53,64,12,316,70,6.4,123,153,40,0.26,111,82,173,0.47,127,24:17:00,47,11,13,24,9,12,21,3,0.27,118.5,-1.37,0.09090909090909091
202,961,Virginia,2020,ACC,0,0,0,0,10,5,5,41,745,4233,5.68,38,423,95,693,4429,6.39,33,34,443,80,69,124,11,204,80,69,124,11,204,32,16,25,1,10,5,15,0,46,16,34,316,0.0,37,379,221,14,2606,6.88,11.79,22,261,123,203,323,3044,19,9.42,15.0,304.4,51,53,483,48.3,50,12,72,0,6.0,50,12,72,0,6.0,62,41,13,12,9,34,0.83,39,38,11,9,10,30,0.79,68,366,1627,4.45,16,162.7,37,370,1385,3.74,14,138.5,47,20,127,2.0,67,34,31,1,0,19,1,296,29.6,49,40,35,1,0,10,0,307,30.7,28,53,38,332,72,7.2,92,143,53,0.37,79,60,144,0.42,41,31:04:00,72,7,11,18,5,14,19,-1,-0.1,68.0,-0.71,0.5
203,962,Virginia Tech,2020,ACC,0,0,0,0,11,5,6,32,727,4848,6.67,40,441,102,795,4922,6.19,43,45,448,122,105,139,12,256,122,105,139,12,256,69,7,13,1,118,19,26,1,25,21,42,382,0.0,90,254,158,6,2207,8.69,13.97,13,201,108,240,389,2926,19,7.52,12.19,266.0,42,58,517,47.0,28,7,28,0,4.0,28,7,28,0,4.0,60,42,19,7,9,35,0.83,73,45,21,11,6,38,0.84,11,473,2641,5.58,27,240.1,86,406,1996,4.92,24,181.5,47,22,140,2.0,82,45,42,1,0,13,0,353,32.1,43,40,34,4,0,20,0,342,31.1,33,58,36,328,76,6.9,80,134,51,0.38,69,62,153,0.41,55,30:32:00,47,5,12,17,8,6,14,3,0.27,67.0,0.47999999999999954,0.45454545454545453
204,963,Wake Forest,2020,ACC,0,0,0,0,8,4,4,34,603,3482,5.77,32,435,107,599,3655,6.1,31,31,457,71,89,86,15,190,71,89,86,15,190,74,9,17,1,66,5,9,1,57,19,34,390,0.0,33,258,151,1,2126,8.24,14.08,11,266,107,176,278,2127,16,7.65,12.09,265.9,41,43,375,46.88,58,6,40,0,6.67,58,6,40,0,6.67,2,38,20,7,9,36,0.95,57,35,13,9,7,29,0.83,61,345,1356,3.93,21,169.5,90,321,1528,4.76,15,191.0,112,26,163,3.25,78,31,31,0,0,12,0,253,31.6,19,36,34,2,0,14,0,296,37.0,30,43,28,196,57,7.1,65,122,49,0.4,88,49,114,0.43,101,28:05:00,2,4,12,16,2,1,3,13,1.62,70.5,-0.33000000000000007,0.5
275,855,Baylor,2020,Big 12,0,0,0,0,9,2,7,118,629,2792,4.44,22,310,50,625,3451,5.52,32,33,383,66,80,83,13,176,66,80,83,13,176,43,12,20,1,114,9,13,1,109,16,21,393,0.0,71,331,205,8,1979,5.98,9.65,14,220,34,165,259,1827,12,7.05,11.07,203.0,99,65,562,62.44,82,13,109,1,8.38,82,13,109,1,8.38,69,28,6,10,7,23,0.82,88,37,15,9,8,32,0.87,123,298,813,2.73,8,90.3,82,366,1624,4.44,20,180.4,117,31,183,3.44,65,33,29,0,0,12,0,263,29.2,99,26,22,0,0,10,1,210,23.3,49,45,28,191,59,6.6,111,142,47,0.33,56,51,130,0.39,75,29:19:00,15,5,12,17,1,8,9,8,0.89,84.0,-1.0799999999999992,0.2222222222222222
276,886,Iowa St.,2020,Big 12,0,0,0,0,11,8,3,31,743,4852,6.53,47,441,29,715,3773,5.28,23,29,343,76,73,116,11,200,76,73,116,11,200,20,9,13,1,36,9,19,0,80,51,10,1137,2.0,45,344,229,9,2740,7.97,11.97,19,249,69,218,350,2622,14,7.49,12.03,238.4,31,57,491,44.64,105,14,172,1,12.29,105,14,172,1,12.29,51,46,19,11,9,39,0.85,11,33,8,7,9,24,0.73,39,399,2112,5.29,28,192.0,10,365,1151,3.15,9,104.6,21,15,84,1.36,30,29,26,2,0,12,0,240,21.8,37,47,44,1,0,11,0,361,32.8,32,62,32,291,78,7.1,41,142,62,0.44,21,51,148,0.35,24,32:11:00,58,6,8,14,5,9,14,0,0.0,30.0,1.25,0.7272727272727273
277,887,Kansas,2020,Big 12,0,0,0,0,9,0,9,126,637,2333,3.66,16,259,108,623,4133,6.63,44,52,459,87,112,84,14,210,87,112,84,14,210,104,10,24,0,121,8,10,1,123,12,8,329,2.0,112,283,155,10,1389,4.91,8.96,7,154,51,159,257,2007,20,7.81,12.62,223.0,38,51,418,46.44,118,21,347,3,16.52,118,21,347,3,16.52,99,18,7,4,3,14,0.78,123,43,18,11,12,41,0.95,115,354,944,2.67,9,104.9,118,366,2126,5.81,24,236.2,127,47,258,5.22,127,52,50,1,0,16,1,414,46.0,123,18,10,3,0,6,0,142,15.8,106,35,14,158,42,4.7,126,142,33,0.23,83,51,122,0.42,46,30:46:00,96,6,4,10,4,10,14,-4,-0.44,117.0,-2.9699999999999998,0.0
278,888,Kansas St.,2020,Big 12,0,0,0,0,10,4,6,106,601,3374,5.61,29,337,96,728,4447,6.11,40,42,445,106,89,121,19,229,106,89,121,19,229,43,6,10,1,53,9,17,1,116,16,29,419,0.0,108,247,137,10,1857,7.52,13.55,12,186,109,239,353,2675,20,7.58,11.19,267.5,81,65,564,56.4,13,9,18,0,2.0,13,9,18,0,2.0,7,33,13,8,10,31,0.94,55,46,15,14,9,38,0.83,77,354,1517,4.29,17,151.7,78,375,1772,4.73,20,177.2,23,14,103,1.4,84,42,40,0,0,10,0,322,32.2,82,33,30,1,0,12,0,266,26.6,36,58,20,240,68,6.8,112,127,42,0.33,64,59,147,0.4,84,29:01:00,88,5,7,12,5,10,15,-3,-0.3,101.0,-0.5,0.4
279,920,Oklahoma,2020,Big 12,0,0,1,0,10,8,2,18,716,4758,6.65,51,476,19,659,3336,5.06,28,28,334,67,52,94,31,177,67,52,94,31,177,6,8,10,1,100,14,21,1,84,36,27,810,0.0,11,337,234,8,3216,9.54,13.74,27,322,77,201,363,2430,11,6.69,12.09,243.0,111,76,698,69.8,60,10,67,0,6.7,60,10,67,0,6.7,15,55,23,14,13,50,0.91,52,34,14,7,7,28,0.82,75,379,1542,4.07,24,154.2,2,296,906,3.06,17,90.6,63,22,138,2.2,32,28,27,0,0,8,0,219,21.9,9,51,50,1,0,20,0,418,41.8,12,58,42,344,79,7.9,63,126,51,0.41,5,39,141,0.28,16,32:52:00,39,3,13,16,4,8,12,4,0.4,18.5,1.5900000000000007,0.8
280,921,Oklahoma St.,2020,Big 12,0,0,0,0,10,7,3,40,766,4277,5.58,30,428,40,706,3657,5.18,27,28,366,69,80,82,19,181,69,80,82,19,181,98,4,9,0,92,12,19,1,77,33,20,724,1.0,58,301,180,10,2330,7.74,12.94,14,233,35,177,310,2052,15,6.62,11.59,205.2,62,64,512,51.2,2,11,-20,0,-1.82,2,11,-20,0,-1.82,71,44,14,7,15,36,0.82,69,25,7,7,7,21,0.84,36,465,1947,4.19,16,194.7,61,396,1605,4.05,12,160.5,81,24,146,2.4,33,28,22,2,0,10,0,224,22.4,58,35,32,0,0,17,1,295,29.5,8,70,28,309,84,8.4,49,158,67,0.42,2,40,152,0.26,40,31:05:00,76,8,6,14,6,10,16,-2,-0.2,40.0,0.40000000000000036,0.7
281,940,TCU,2020,Big 12,0,0,0,0,10,6,4,51,685,4110,6.0,34,411,32,659,3509,5.32,27,29,351,56,58,89,15,162,56,58,89,15,162,69,7,13,1,85,8,13,1,68,27,26,577,0.0,98,273,164,5,1963,7.19,11.97,11,196,52,167,308,2234,18,7.25,13.38,223.4,97,77,615,61.5,55,9,58,0,6.44,55,9,58,0,6.44,55,32,14,3,10,27,0.84,36,28,5,8,9,22,0.79,24,412,2147,5.21,23,214.7,25,351,1275,3.63,9,127.5,74,23,158,2.3,38,29,19,4,0,13,1,242,24.2,47,39,36,1,0,12,0,308,30.8,10,70,20,321,80,8.0,88,144,54,0.38,15,51,155,0.33,61,30:09:00,52,7,8,15,8,5,13,2,0.2,41.5,0.6799999999999997,0.6
282,943,Texas,2020,Big 12,0,0,0,0,9,6,3,21,647,4116,6.36,45,457,70,700,3688,5.27,30,31,410,94,71,123,23,217,94,71,123,23,217,43,6,10,1,8,3,13,0,59,9,54,187,0.0,29,317,189,5,2466,7.78,13.05,27,274,114,232,360,2468,17,6.86,10.64,274.2,119,71,681,75.67,88,19,179,0,9.42,88,19,179,0,9.42,39,51,15,19,10,44,0.86,51,44,11,12,13,36,0.82,48,330,1650,5.0,18,183.3,30,340,1220,3.59,13,135.6,65,20,123,2.22,64,31,29,1,0,15,0,262,29.1,12,47,43,3,0,13,1,372,41.3,19,47,42,241,68,7.6,74,123,48,0.39,30,49,134,0.37,108,27:40:00,18,8,8,16,4,5,9,7,0.78,45.5,1.0900000000000007,0.6666666666666666
283,946,Texas Tech,2020,Big 12,0,0,0,0,10,4,6,39,735,4295,5.84,35,430,98,777,4449,5.73,41,45,445,109,102,108,23,233,109,102,108,23,233,52,14,24,1,73,12,21,1,73,22,24,480,1.0,32,398,259,11,2667,6.7,10.3,18,267,101,225,354,2585,17,7.3,11.49,258.5,86,67,577,57.7,111,12,163,1,13.58,111,12,163,1,13.58,104,33,9,11,5,25,0.76,81,49,22,10,10,42,0.86,67,337,1628,4.83,17,162.8,88,423,1864,4.41,24,186.4,29,16,95,1.6,108,45,42,1,0,17,1,367,36.7,60,38,32,2,0,9,0,291,29.1,79,40,34,192,57,5.7,94,149,55,0.37,78,65,157,0.41,115,27:03:00,116,5,5,10,8,11,19,-9,-0.9,68.5,0.10999999999999943,0.4
284,966,West Virginia,2020,Big 12,0,0,0,0,9,5,4,42,690,3804,5.51,28,423,5,561,2675,4.77,20,23,297,40,61,63,20,144,40,61,63,20,144,76,11,21,1,88,5,8,1,41,34,7,648,1.0,26,359,230,3,2495,6.95,10.85,13,277,8,153,248,1539,12,6.21,10.06,171.0,120,75,688,76.44,21,12,33,0,2.75,21,12,33,0,2.75,23,36,14,8,10,32,0.89,52,17,4,5,5,14,0.82,80,331,1309,3.95,15,145.4,24,313,1136,3.63,8,126.2,47,18,117,2.0,22,23,22,0,0,8,0,184,20.4,78,29,28,0,0,13,0,241,26.8,38,54,14,237,61,6.8,60,145,59,0.41,58,50,127,0.39,18,32:38:00,42,2,10,12,6,3,9,3,0.33,23.5,0.7400000000000002,0.5555555555555556
381,883,Illinois,2020,Big Ten,0,0,0,0,8,2,6,98,521,2792,5.36,19,349,114,572,3753,6.56,35,37,469,72,96,87,13,196,72,96,87,13,196,91,7,15,0,111,13,19,1,91,14,19,320,1.0,114,194,91,4,1223,6.3,13.44,10,153,71,149,214,1912,18,8.93,12.83,239.0,55,39,391,48.88,87,14,130,0,9.29,87,14,130,0,9.29,119,26,9,3,6,18,0.69,91,38,16,11,6,33,0.87,34,327,1569,4.8,9,196.1,116,358,1841,5.14,17,230.1,43,15,80,1.88,97,37,34,1,0,7,0,279,34.9,111,20,20,0,0,7,0,161,20.1,75,33,26,194,46,5.8,81,113,43,0.38,89,43,100,0.43,111,27:26:00,19,8,7,15,5,4,9,6,0.75,106.0,-1.1999999999999993,0.25
382,884,Indiana,2020,Big Ten,0,0,0,0,7,6,1,95,485,2507,5.17,26,358,37,468,2532,5.41,17,18,362,32,53,73,8,134,32,53,73,8,134,96,5,11,0,5,2,11,0,52,21,19,423,0.0,39,247,142,4,1806,7.31,12.72,16,258,58,132,231,1582,11,6.85,11.98,226.0,30,29,308,44.0,61,2,14,0,7.0,61,2,14,0,7.0,71,33,10,11,6,27,0.82,1,19,3,6,2,11,0.58,118,238,701,2.95,10,100.1,31,237,950,4.01,6,135.7,11,8,43,1.14,18,18,15,2,0,3,0,136,19.4,53,26,23,3,0,8,1,211,30.1,63,39,8,201,43,6.1,86,98,37,0.38,32,36,98,0.37,51,30:38:00,3,3,17,20,6,4,10,10,1.43,66.0,-0.2400000000000002,0.8571428571428571
383,885,Iowa,2020,Big Ten,0,0,0,0,8,6,2,87,544,2949,5.42,27,369,10,578,2510,4.34,17,17,314,38,58,78,5,141,38,58,78,5,141,22,6,9,1,42,8,16,1,5,15,30,236,0.0,96,248,141,5,1581,6.38,11.21,9,198,37,159,275,1649,9,6.0,10.37,206.1,15,38,317,39.62,38,6,31,0,5.17,38,6,31,0,5.17,11,36,17,7,9,33,0.92,11,22,8,5,3,16,0.73,60,296,1368,4.62,18,171.0,11,303,861,2.84,8,107.6,22,11,74,1.38,7,17,15,1,0,3,0,128,16.0,40,30,26,3,0,14,0,254,31.8,50,37,30,240,52,6.5,107,107,36,0.34,65,54,134,0.4,77,29:14:00,8,7,11,18,4,5,9,9,1.12,48.5,1.08,0.75
384,897,Maryland,2020,Big Ten,0,0,0,0,5,2,3,53,310,2045,6.6,14,409,84,401,2150,5.36,20,20,430,25,58,53,15,126,25,58,53,15,126,1,1,1,1,100,8,12,1,48,14,1,278,0.0,35,159,98,9,1320,8.3,13.47,9,264,28,93,165,1000,6,6.06,10.75,200.0,124,44,398,79.6,38,6,31,0,5.17,38,6,31,0,5.17,114,11,2,3,3,8,0.73,62,24,11,4,5,20,0.83,82,151,725,4.8,5,145.0,115,236,1150,4.87,14,230.0,110,16,119,3.2,80,20,15,1,0,7,1,160,32.0,95,15,14,1,0,4,0,118,23.6,47,25,16,138,33,6.6,85,66,25,0.38,79,35,84,0.42,124,25:23:00,124,2,2,4,2,9,11,-7,-1.4,68.5,1.2399999999999993,0.4
385,902,Michigan,2020,Big Ten,0,0,0,0,6,2,4,78,385,2291,5.95,21,382,88,466,2606,5.59,26,26,434,40,57,73,14,144,40,57,73,14,144,98,4,9,0,88,5,8,1,58,7,14,144,0.0,43,213,123,4,1502,7.05,12.21,9,250,96,123,208,1533,12,7.37,12.46,255.5,85,35,345,57.5,17,5,12,0,2.4,17,5,12,0,2.4,76,21,11,5,1,17,0.81,118,27,12,8,5,25,0.93,95,172,789,4.59,12,131.5,79,258,1073,4.16,14,178.8,19,8,54,1.33,95,26,25,1,0,8,0,207,34.5,67,23,21,1,0,3,0,170,28.3,119,22,6,108,25,4.2,98,74,27,0.37,101,43,93,0.46,123,25:37:00,90,2,2,4,2,4,6,-2,-0.33,83.0,0.3600000000000003,0.3333333333333333
386,903,Michigan St.,2020,Big Ten,0,0,0,0,7,2,5,109,481,2312,4.81,13,330,57,527,2777,5.27,28,32,397,44,53,83,13,149,44,53,83,13,149,104,5,12,0,60,6,11,1,105,17,9,412,0.0,53,242,132,12,1672,6.91,12.67,11,239,72,151,247,1676,8,6.79,11.1,239.4,102,49,446,63.71,121,15,257,2,17.13,121,15,257,2,17.13,11,12,2,5,4,11,0.92,34,32,16,4,5,25,0.78,122,239,640,2.68,2,91.4,57,280,1101,3.93,20,157.3,72,16,121,2.29,100,32,31,1,0,7,0,246,35.1,116,14,13,0,0,9,1,126,18.0,58,28,32,140,44,6.3,114,113,37,0.33,48,41,107,0.38,113,27:10:00,122,6,5,11,8,12,20,-9,-1.29,83.0,-0.45999999999999996,0.2857142857142857
387,905,Minnesota,2020,Big Ten,0,0,0,0,7,3,4,65,482,2752,5.71,26,393,72,422,2911,6.9,27,28,416,39,69,64,10,143,39,69,64,10,143,69,7,13,1,81,3,5,1,2,22,10,300,0.0,89,184,107,5,1409,7.66,13.17,7,201,39,123,192,1461,11,7.61,11.88,208.7,20,32,293,41.86,24,2,7,0,3.5,24,2,7,0,3.5,80,35,18,6,4,28,0.8,26,34,13,8,5,26,0.77,40,298,1343,4.51,19,191.9,101,230,1450,6.3,16,207.1,42,13,92,1.86,72,28,26,1,0,5,0,211,30.1,71,26,23,0,0,4,0,191,27.3,127,15,6,89,18,2.6,20,86,41,0.48,73,29,71,0.41,6,34:12:00,58,2,5,7,2,5,7,0,0.0,68.5,-1.1900000000000004,0.42857142857142855
388,910,Nebraska,2020,Big Ten,0,0,0,0,8,3,5,67,563,3132,5.56,20,392,52,566,3092,5.46,25,27,387,58,69,83,14,166,58,69,83,14,166,38,8,13,1,97,13,20,1,87,22,12,498,1.0,102,229,156,9,1521,6.64,9.75,5,190,46,152,241,1736,10,7.2,11.42,217.0,94,54,485,60.62,103,12,146,0,12.17,103,12,146,0,12.17,41,35,14,4,12,30,0.86,81,35,11,7,12,30,0.86,28,334,1611,4.82,15,201.4,73,325,1356,4.17,15,169.5,47,16,105,2.0,66,27,26,1,0,15,0,235,29.4,100,21,20,0,0,13,0,185,23.1,46,42,22,179,53,6.6,96,104,38,0.37,68,47,116,0.41,91,28:42:00,123,2,5,7,9,9,18,-11,-1.38,59.5,0.09999999999999964,0.375
389,916,Northwestern,2020,Big Ten,0,0,0,0,8,6,2,100,592,2789,4.71,23,349,23,563,2710,4.81,11,12,339,47,74,68,11,153,47,74,68,11,153,15,15,21,1,81,9,15,1,27,23,11,419,0.0,106,249,150,8,1490,5.98,9.93,9,186,13,149,294,1458,7,4.96,9.79,182.2,10,38,296,37.0,18,10,25,0,2.5,18,10,25,0,2.5,88,29,10,8,5,23,0.79,4,25,4,3,10,17,0.68,69,343,1299,3.79,14,162.4,55,269,1252,4.65,4,156.5,26,12,92,1.5,5,12,10,0,0,14,0,124,15.5,98,23,22,0,0,9,0,187,23.4,59,42,16,198,50,6.2,73,133,52,0.39,12,38,121,0.31,43,30:54:00,40,4,14,18,7,8,15,3,0.38,61.5,-0.09999999999999964,0.75
390,919,Ohio St.,2020,Big Ten,0,1,1,0,6,6,0,6,436,3175,7.28,31,529,34,396,2148,5.42,15,16,358,17,30,71,9,110,17,30,71,9,110,15,5,7,1,60,6,11,1,38,15,10,283,0.0,42,164,119,5,1521,9.27,12.78,15,254,104,140,223,1568,9,7.03,11.2,261.3,66,36,311,51.83,126,3,80,1,26.67,126,3,80,1,26.67,102,34,13,8,5,26,0.77,62,18,6,5,4,15,0.83,5,272,1654,6.08,16,275.7,7,173,580,3.35,6,96.7,104,18,116,3.0,25,16,10,0,0,6,1,126,21.0,7,34,33,0,0,6,0,255,42.5,66,28,16,164,36,6.0,6,80,41,0.51,18,28,82,0.34,10,33:39:00,4,10,6,16,3,5,8,8,1.33,20.0,1.8600000000000003,1.0
391,925,Penn St.,2020,Big Ten,0,0,0,0,9,4,5,37,709,3873,5.46,32,430,17,585,2959,5.06,28,31,329,50,69,75,12,156,50,69,75,12,156,78,11,22,1,14,5,14,0,15,4,42,69,0.0,40,307,185,9,2304,7.5,12.45,17,256,26,157,266,1787,15,6.72,11.38,198.6,11,39,335,37.22,65,10,71,0,7.1,65,10,71,0,7.1,105,37,11,8,9,28,0.76,104,28,12,6,7,25,0.89,56,402,1569,3.9,15,174.3,28,319,1172,3.67,13,130.2,108,28,170,3.11,57,31,29,2,0,10,0,249,27.7,55,34,27,2,0,11,0,268,29.8,42,45,30,233,60,6.7,52,133,56,0.42,33,47,127,0.37,9,33:41:00,110,6,4,10,8,9,17,-7,-0.78,27.0,0.40000000000000036,0.4444444444444444
392,927,Purdue,2020,Big Ten,0,0,0,0,6,2,4,71,411,2343,5.7,19,391,59,445,2394,5.38,21,22,399,30,50,67,14,131,30,50,67,14,131,62,6,11,1,32,6,13,0,122,13,17,356,1.0,17,261,176,4,1854,7.1,10.53,15,309,92,126,192,1525,9,7.94,12.1,254.2,88,42,350,58.33,120,7,117,0,16.71,120,7,117,0,16.71,106,28,4,11,6,21,0.75,49,32,12,7,7,26,0.81,124,150,489,3.26,4,81.5,43,253,869,3.43,12,144.8,47,12,99,2.0,69,22,20,0,0,9,0,179,29.8,75,20,20,0,0,7,1,163,27.2,83,32,2,105,33,5.5,88,80,30,0.38,92,38,87,0.44,109,27:36:00,54,5,3,8,3,4,7,1,0.17,65.0,0.3200000000000003,0.3333333333333333
393,929,Rutgers,2020,Big Ten,0,0,0,0,9,3,6,105,658,3052,4.64,27,339,103,687,4042,5.88,35,36,449,89,92,98,23,213,89,92,98,23,213,85,11,23,0,88,10,16,1,50,28,5,562,1.0,94,316,198,9,1789,5.66,9.04,14,199,80,189,281,2209,21,7.86,11.69,245.4,96,67,548,60.89,25,9,33,0,3.67,25,9,33,0,3.67,23,27,9,8,7,24,0.89,107,38,12,14,8,34,0.9,88,342,1263,3.69,13,140.3,99,406,1833,4.51,14,203.7,83,22,156,2.44,83,36,35,0,0,12,1,289,32.1,81,30,21,3,0,11,0,240,26.7,15,54,32,219,70,7.8,103,144,49,0.34,49,50,129,0.39,100,28:09:00,24,12,8,20,5,9,14,6,0.67,104.0,-1.2400000000000002,0.3333333333333333
394,969,Wisconsin,2020,Big Ten,0,0,0,0,6,3,3,93,431,2153,5.0,17,359,1,332,1581,4.76,10,11,264,5,24,46,10,80,5,24,46,10,80,114,4,11,0,4,1,7,0,63,13,11,274,0.0,104,182,111,6,1123,6.17,10.12,9,187,6,86,166,1019,9,6.14,11.85,169.8,22,30,257,42.83,30,7,30,0,4.29,30,7,30,0,4.29,41,21,6,7,5,18,0.86,5,13,0,6,3,9,0.69,59,249,1030,4.14,8,171.7,5,166,562,3.39,1,93.7,47,12,72,2.0,6,11,9,2,0,5,0,94,15.7,105,17,17,0,0,5,0,134,22.3,93,30,2,102,31,5.2,70,89,35,0.39,1,18,71,0.25,1,36:45:00,98,4,4,8,5,6,11,-3,-0.5,47.0,0.2400000000000002,0.5
487,863,Charlotte,2020,C-USA,0,0,0,0,6,2,4,81,416,2266,5.45,21,378,76,384,2517,6.55,25,26,420,28,58,57,12,127,28,58,57,12,127,52,7,12,1,6,2,10,0,104,7,21,169,0.0,69,179,98,2,1337,7.47,13.64,10,223,36,95,165,1233,10,7.47,12.98,205.5,98,42,370,61.67,80,8,66,0,8.25,80,8,66,0,8.25,41,21,9,6,3,18,0.86,10,29,13,6,2,21,0.72,74,237,929,3.92,11,154.8,109,219,1284,5.86,15,214.0,93,16,88,2.67,88,26,25,0,1,4,0,195,32.5,76,22,18,0,0,4,0,162,27.0,124,15,10,58,20,3.3,61,96,39,0.41,103,32,69,0.46,4,34:18:00,42,3,5,8,4,2,6,2,0.33,78.5,-1.0999999999999996,0.3333333333333333
488,872,FIU,2020,C-USA,0,0,0,0,5,0,5,122,306,1404,4.59,13,281,79,367,2114,5.76,17,19,423,18,58,47,10,115,18,58,47,10,115,104,5,12,0,42,2,4,1,95,3,18,69,0.0,122,130,58,2,617,4.75,10.64,5,123,17,89,140,936,6,6.69,10.52,187.2,49,32,240,48.0,5,7,-3,0,-0.43,5,7,-3,0,-0.43,99,9,3,2,2,7,0.78,62,24,9,5,6,20,0.83,71,176,787,4.47,8,157.4,117,227,1178,5.19,11,235.6,123,19,127,3.8,87,19,18,0,0,10,0,162,32.4,104,15,11,1,0,3,0,112,22.4,28,24,24,129,36,7.2,100,78,28,0.36,70,30,74,0.41,118,26:12:00,76,1,2,3,2,2,4,-1,-0.2,100.5,-1.17,0.0
489,873,Fla. Atlantic,2020,C-USA,0,0,0,0,9,5,4,113,595,2921,4.91,20,325,28,601,3080,5.12,15,17,342,54,78,74,7,159,54,78,74,7,159,85,11,23,0,12,6,17,0,119,14,21,373,1.0,117,232,122,6,1300,5.6,10.66,8,144,18,146,266,1689,9,6.35,11.57,187.7,13,42,350,38.89,90,12,118,1,9.83,90,12,118,1,9.83,113,26,8,6,5,19,0.73,7,23,4,4,8,16,0.7,50,363,1621,4.47,12,180.1,52,335,1391,4.15,6,154.6,65,20,140,2.22,10,17,15,1,0,12,1,157,17.4,114,21,20,0,0,8,0,170,18.9,52,40,36,223,58,6.4,75,134,52,0.39,62,54,135,0.4,82,29:01:00,58,5,6,11,5,6,11,0,0.0,70.5,-0.20999999999999996,0.5555555555555556
490,893,Louisiana Tech,2020,C-USA,0,0,0,0,10,5,5,116,703,3158,4.49,31,316,82,699,4273,6.11,44,45,427,84,97,96,15,208,84,97,96,15,208,2,16,18,1,63,11,20,1,117,26,19,682,1.0,73,359,221,14,2166,6.03,9.8,21,217,63,187,292,2290,18,7.84,12.25,229.0,33,50,456,45.6,19,18,46,0,2.56,19,18,46,0,2.56,52,39,10,13,10,33,0.85,110,41,19,9,9,37,0.9,119,344,992,2.88,10,99.2,96,407,1983,4.87,26,198.3,100,29,223,2.9,96,45,44,0,0,11,0,347,34.7,79,33,33,0,0,12,0,267,26.7,90,40,24,182,52,5.2,78,156,60,0.39,113,67,141,0.48,60,30:11:00,76,5,9,14,2,14,16,-2,-0.2,99.0,-1.62,0.5
491,896,Marshall,2020,C-USA,0,0,0,0,10,7,3,70,668,3913,5.86,37,391,3,635,2794,4.4,14,15,279,64,65,79,27,171,64,65,79,27,171,112,8,21,0,42,8,16,1,6,29,8,464,0.0,79,281,171,10,2129,7.58,12.45,19,213,14,182,292,1839,8,6.3,10.1,183.9,100,60,627,62.7,47,10,56,0,5.6,47,10,56,0,5.6,59,37,15,10,6,31,0.84,3,24,6,6,4,16,0.67,51,387,1784,4.61,18,178.4,6,343,955,2.78,6,95.5,13,12,89,1.2,1,15,13,0,0,9,0,130,13.0,65,38,36,0,0,7,0,285,28.5,95,26,48,209,50,5.0,32,128,58,0.45,22,48,139,0.35,66,29:50:00,45,10,5,15,2,10,12,3,0.3,36.5,1.46,0.7
492,904,Middle Tenn.,2020,C-USA,0,0,0,0,9,3,6,89,636,3293,5.18,25,366,99,663,4014,6.05,40,41,446,84,105,92,11,208,84,105,92,11,208,78,6,12,1,81,6,10,1,53,33,0,669,0.0,62,311,205,10,2074,6.67,10.12,13,230,53,167,281,2017,19,7.18,12.08,224.1,67,51,470,52.22,37,14,72,0,5.14,37,14,72,0,5.14,75,27,10,9,3,22,0.82,120,34,13,14,5,32,0.94,92,325,1219,3.75,12,135.4,111,382,1997,5.23,21,221.9,89,23,120,2.56,102,41,39,1,0,10,1,319,35.4,103,27,23,0,0,7,0,206,22.9,95,29,32,184,45,5.0,48,129,55,0.43,126,75,140,0.54,71,29:33:00,80,6,8,14,6,10,16,-2,-0.22,94.0,-0.8700000000000001,0.3333333333333333
493,914,North Texas,2020,C-USA,0,0,0,0,10,4,6,8,779,5132,6.59,46,513,126,752,5221,6.94,57,58,522,119,120,110,22,252,119,120,110,22,252,95,11,24,0,27,6,14,0,43,38,14,736,0.0,25,336,185,9,2830,8.42,15.3,28,283,90,195,311,2529,25,8.13,12.97,252.9,73,68,536,53.6,34,11,54,0,4.91,34,11,54,0,4.91,86,34,10,12,5,27,0.79,74,53,25,17,3,45,0.85,13,443,2302,5.2,18,230.2,124,441,2692,6.1,32,269.2,34,17,116,1.7,125,58,57,1,0,7,0,428,42.8,24,46,44,0,0,8,0,344,34.4,90,37,30,217,52,5.2,28,150,70,0.47,110,68,144,0.47,122,25:38:00,107,2,7,9,6,9,15,-6,-0.6,67.0,-0.35000000000000053,0.4
494,928,Rice,2020,C-USA,0,0,0,0,5,2,3,107,349,1658,4.75,12,332,27,300,1708,5.69,10,11,342,7,38,41,3,82,7,38,41,3,82,62,6,11,1,1,0,6,0,4,17,2,266,0.0,82,133,82,2,1054,7.92,12.85,11,211,29,77,129,1004,5,7.78,13.04,200.8,1,17,119,23.8,41,7,37,0,5.29,41,7,37,0,5.29,124,17,1,7,3,11,0.65,11,11,4,0,4,8,0.73,109,216,604,2.8,1,120.8,40,171,704,4.12,5,140.8,115,17,120,3.4,16,11,10,0,0,6,0,94,18.8,97,13,10,1,0,9,0,117,23.4,114,13,18,76,22,4.4,79,76,29,0.38,75,27,66,0.41,2,36:00:00,52,3,6,9,6,2,8,1,0.2,67.0,-0.9400000000000004,0.4
495,937,Southern Miss.,2020,C-USA,0,0,0,0,10,3,7,83,643,3720,5.79,30,372,62,697,4017,5.76,41,42,402,90,102,103,10,215,90,102,103,10,215,117,6,17,0,100,14,21,1,71,23,8,501,0.0,77,274,171,9,2130,7.77,12.46,12,213,50,185,294,2208,24,7.51,11.94,220.8,8,44,367,36.7,28,6,24,0,4.0,28,6,24,0,4.0,73,38,17,5,9,31,0.82,113,33,11,12,7,30,0.91,70,369,1590,4.31,18,159.0,84,403,1809,4.49,17,180.9,81,24,155,2.4,85,42,39,0,0,10,1,323,32.3,88,31,29,1,0,12,0,253,25.3,94,38,26,171,51,5.1,51,135,57,0.42,115,68,142,0.48,81,29:06:00,88,7,6,13,7,9,16,-3,-0.3,72.5,0.03000000000000025,0.3
496,951,UAB,2020,C-USA,0,0,1,0,9,6,3,60,610,3612,5.92,31,401,9,597,2800,4.69,20,23,311,56,63,75,24,162,56,63,75,24,162,22,6,9,1,78,14,24,1,107,31,14,753,1.0,88,244,136,9,1812,7.43,13.32,14,201,10,150,285,1559,15,5.47,10.39,173.2,127,82,768,85.33,54,12,77,0,6.42,54,12,77,0,6.42,11,36,13,11,9,33,0.92,98,24,4,9,8,21,0.88,29,366,1800,4.92,17,200.0,34,312,1241,3.98,5,137.9,4,4,24,0.44,28,23,22,0,0,11,0,193,21.4,66,32,31,0,0,11,0,256,28.4,42,50,20,225,60,6.7,50,130,55,0.42,8,39,131,0.3,20,32:26:00,80,6,8,14,7,9,16,-2,-0.22,34.5,1.2299999999999995,0.6666666666666666
497,958,UTEP,2020,C-USA,0,0,0,0,8,3,5,102,539,2785,5.17,23,348,49,499,3050,6.11,33,33,381,44,59,75,15,149,44,59,75,15,149,93,6,13,0,93,7,11,1,65,22,6,464,0.0,83,239,126,9,1674,7.0,13.29,7,209,74,143,225,1927,19,8.56,13.48,240.9,101,57,505,63.12,81,6,50,0,8.33,81,6,50,0,8.33,103,29,15,4,3,22,0.76,89,30,12,9,5,26,0.87,91,300,1111,3.7,16,138.9,39,274,1123,4.1,14,140.4,26,12,95,1.5,77,33,32,0,0,6,0,248,31.0,102,24,23,1,0,5,0,184,23.0,71,36,22,177,47,5.9,38,109,48,0.44,50,37,95,0.39,17,32:41:00,114,6,2,8,6,9,15,-7,-0.88,75.5,-0.9400000000000004,0.375
498,959,UTSA,2020,C-USA,0,0,0,0,11,7,4,50,801,4553,5.68,37,414,48,749,4189,5.59,34,36,381,95,98,95,26,219,95,98,95,26,219,74,9,17,1,42,7,14,1,98,26,22,604,0.0,92,349,209,7,2191,6.28,10.48,14,199,62,207,338,2509,20,7.42,12.12,228.1,106,77,737,67.0,119,16,266,1,16.62,119,16,266,1,16.62,30,44,19,9,11,39,0.89,91,38,11,13,9,33,0.87,23,452,2362,5.23,23,214.7,50,411,1680,4.09,14,152.7,47,22,142,2.0,42,36,31,0,0,10,0,277,25.2,64,38,37,0,0,16,1,315,28.6,20,64,38,326,83,7.5,40,169,74,0.44,55,60,153,0.39,65,29:54:00,21,7,11,18,3,7,10,8,0.73,49.0,0.08999999999999986,0.6363636363636364
499,967,Western Ky.,2020,C-USA,0,0,0,0,11,5,6,120,699,3200,4.58,21,291,21,741,3700,4.99,31,34,336,81,107,83,15,205,81,107,83,15,205,51,17,29,1,71,18,32,1,66,21,18,443,1.0,111,336,191,2,1792,5.33,9.38,12,163,7,158,304,1871,12,6.15,11.84,170.1,7,45,400,36.36,101,19,230,1,12.11,101,19,230,1,12.11,88,29,9,9,5,23,0.79,78,34,16,6,7,29,0.85,99,363,1408,3.88,9,128.0,68,437,1829,4.19,19,166.3,71,25,157,2.27,37,34,29,1,0,10,0,265,24.1,115,24,24,0,0,13,0,207,18.8,73,52,24,229,64,5.8,116,145,46,0.32,59,64,162,0.4,72,29:23:00,83,4,5,9,10,2,12,-3,-0.27,70.5,-0.41000000000000014,0.45454545454545453
533,852,Army West Point,2020,FBS Independent,0,0,0,0,11,9,2,112,727,3574,4.92,37,325,2,592,2982,5.04,18,20,271,43,62,72,13,147,43,62,72,13,147,18,22,31,1,29,7,16,0,30,29,18,533,0.0,127,70,31,5,480,6.86,15.48,4,44,1,150,254,1649,13,6.49,10.99,149.9,16,52,438,39.82,43,14,76,0,5.43,43,14,76,0,5.43,23,36,25,1,6,32,0.89,2,26,4,8,4,16,0.62,4,657,3094,4.71,33,281.3,19,338,1333,3.94,5,121.2,6,9,59,0.82,2,20,16,0,0,6,0,154,14.0,72,40,35,1,0,7,1,300,27.3,77,51,24,239,63,5.7,30,155,71,0.46,25,46,130,0.35,7,34:10:00,36,5,13,18,8,5,13,5,0.45,57.0,-0.1200000000000001,0.8181818181818182
534,860,BYU,2020,FBS Independent,0,0,0,0,12,11,1,7,799,6266,7.84,68,522,13,793,3809,4.8,23,23,317,92,89,115,12,216,92,89,115,12,216,62,12,22,1,20,10,25,0,3,23,51,358,0.0,8,376,273,4,3985,10.6,14.6,34,332,25,229,374,2370,15,6.34,10.35,197.5,9,52,442,36.83,84,9,80,0,8.89,84,9,80,0,8.89,18,61,28,20,7,55,0.9,25,25,7,9,3,19,0.76,43,423,2281,5.39,34,190.1,18,419,1439,3.43,8,119.9,8,12,110,1.0,4,23,19,0,0,9,0,184,15.3,4,69,63,3,0,13,0,522,43.5,95,50,20,214,60,5.0,10,132,65,0.49,54,67,171,0.39,64,29:57:00,19,10,8,18,5,4,9,9,0.75,10.0,3.04,0.9166666666666666
535,891,Liberty,2020,FBS Independent,0,0,0,0,10,9,1,14,720,4835,6.72,48,484,7,602,3012,5.0,25,26,301,62,71,80,16,167,62,71,80,16,167,11,15,20,1,25,8,19,0,44,42,24,819,1.0,61,278,174,5,2314,8.32,13.3,25,231,9,159,281,1716,14,6.11,10.79,171.6,83,61,571,57.1,56,6,39,0,6.5,56,6,39,0,6.5,101,47,15,14,7,36,0.77,16,27,9,10,1,20,0.74,9,442,2521,5.7,23,252.1,27,321,1296,4.04,11,129.6,58,21,126,2.1,17,26,23,1,0,3,1,192,19.2,17,51,47,0,0,10,0,383,38.3,83,44,22,282,55,5.5,17,137,66,0.48,13,42,130,0.32,15,33:11:00,45,6,10,16,8,5,13,3,0.3,10.5,1.7199999999999998,0.9
536,898,Massachusetts,2020,FBS Independent,0,0,0,0,4,0,4,127,217,750,3.46,1,188,118,279,1928,6.91,21,21,482,12,55,37,8,100,12,55,37,8,100,98,4,9,0,73,4,7,1,1,3,1,36,0.0,123,100,54,5,481,4.81,8.91,1,120,38,65,110,834,10,7.58,12.83,208.5,74,22,216,54.0,127,2,60,0,30.0,127,2,60,0,30.0,127,2,0,1,0,1,0.5,47,21,6,7,4,17,0.81,126,117,269,2.3,0,67.2,126,169,1094,6.47,11,273.5,84,10,56,2.5,121,21,20,0,0,5,0,161,40.2,127,1,1,0,0,1,1,12,3.0,21,22,16,118,30,7.5,125,55,14,0.26,124,28,54,0.52,126,25:15:00,118,3,0,3,2,5,7,-4,-1.0,122.5,-3.45,0.0
624,845,Akron,2020,MAC,0,0,0,0,6,1,5,121,360,1687,4.69,12,281,110,365,2759,7.56,31,34,460,24,68,49,7,124,24,68,49,7,124,98,4,9,0,73,4,7,1,67,16,6,340,0.0,119,148,83,6,838,5.66,10.1,4,140,41,85,127,1270,12,10.0,14.94,211.7,2,24,190,31.67,67,20,144,0,7.2,67,20,144,0,7.2,41,14,5,4,3,12,0.86,33,27,15,5,1,21,0.78,86,212,849,4.0,8,141.5,120,238,1489,6.26,19,248.2,125,26,162,4.33,123,34,32,0,0,4,0,248,41.3,120,13,13,0,0,4,0,103,17.2,126,16,0,78,16,2.7,108,78,26,0.33,125,39,73,0.53,52,30:35:00,98,4,2,6,3,6,9,-3,-0.5,115.5,-2.869999999999999,0.16666666666666666
625,854,Ball St.,2020,MAC,0,0,1,0,7,6,1,24,547,3176,5.81,28,454,93,511,3092,6.05,25,25,442,58,58,94,14,166,58,58,94,14,166,62,6,11,1,12,6,17,0,13,27,13,460,0.0,27,232,152,6,1937,8.35,12.74,16,277,119,168,252,2071,13,8.22,12.33,295.9,39,38,327,46.71,19,9,23,0,2.56,19,9,23,0,2.56,55,32,11,9,7,27,0.84,36,28,10,9,3,22,0.79,53,315,1239,3.93,12,177.0,45,259,1021,3.94,12,145.9,119,25,149,3.57,56,25,21,2,0,6,0,193,27.6,26,30,24,3,0,10,0,240,34.3,26,39,24,198,51,7.3,21,105,50,0.48,52,36,92,0.39,68,29:42:00,9,8,6,14,1,6,7,7,1.0,58.5,-0.2400000000000002,0.8571428571428571
626,858,Bowling Green,2020,MAC,0,0,0,0,5,0,5,111,314,1632,5.2,6,326,117,356,2379,6.68,28,30,476,20,74,37,8,119,20,74,37,8,119,125,3,14,0,66,5,9,1,125,7,8,202,1.0,118,125,54,7,712,5.7,13.19,1,142,3,72,111,828,12,7.46,11.5,165.6,25,30,216,43.2,42,9,48,1,5.33,42,9,48,1,5.33,126,15,4,1,4,9,0.6,124,25,11,8,5,24,0.96,47,189,920,4.87,5,184.0,127,245,1551,6.33,16,310.2,47,10,65,2.0,126,30,28,1,0,5,0,225,45.0,126,6,6,0,0,5,0,57,11.4,36,22,24,117,34,6.8,122,65,17,0.26,123,36,70,0.51,117,26:24:00,127,1,0,1,4,7,11,-10,-2.0,114.0,-1.4799999999999995,0.0
627,859,Buffalo,2020,MAC,0,0,0,0,7,6,1,17,457,3349,7.33,39,478,36,483,2513,5.2,18,19,359,35,65,60,14,139,35,65,60,14,139,69,7,13,1,71,9,16,1,97,23,25,534,0.0,101,157,98,4,1337,8.52,13.64,7,191,30,111,202,1411,8,6.99,12.71,201.6,70,42,368,52.57,6,2,0,0,0.0,6,2,0,0,0.0,40,29,22,2,1,25,0.86,29,26,10,5,5,20,0.77,2,300,2012,6.71,32,287.4,59,281,1102,3.92,10,157.4,1,1,9,0.14,31,19,16,1,0,7,0,153,21.9,5,43,43,0,0,1,0,304,43.4,87,28,20,158,38,5.4,18,81,39,0.48,11,31,99,0.31,49,30:43:00,28,4,6,10,2,4,6,4,0.57,26.5,2.13,0.8571428571428571
628,862,Central Mich.,2020,MAC,0,0,0,0,6,3,3,46,433,2522,5.82,23,420,83,439,2566,5.85,22,23,428,29,48,68,13,129,29,48,68,13,129,55,11,19,1,17,3,8,0,62,28,3,589,1.0,87,173,106,4,1214,7.02,11.45,7,202,121,109,189,1783,15,9.43,16.36,297.2,93,37,356,59.33,31,10,46,0,4.6,31,10,46,0,4.6,96,23,11,3,4,18,0.78,122,20,7,6,6,19,0.95,18,260,1308,5.03,16,218.0,29,250,783,3.13,7,130.5,77,14,97,2.33,73,23,22,0,0,7,0,181,30.2,42,23,16,4,0,8,1,188,31.3,25,34,20,187,44,7.3,121,85,24,0.28,98,40,89,0.45,85,28:58:00,9,7,8,15,5,4,9,6,1.0,64.5,-0.02999999999999936,0.5
629,871,Eastern Mich.,2020,MAC,0,0,0,0,6,2,4,61,418,2402,5.75,23,400,122,460,2941,6.39,26,27,490,55,88,58,14,160,55,88,58,14,160,8,11,14,1,125,13,15,1,22,27,9,487,0.0,28,199,126,6,1657,8.33,13.15,12,276,88,124,186,1509,14,8.11,12.17,251.5,29,29,263,43.83,9,4,3,0,0.75,9,4,3,0,0.75,1,28,11,9,8,28,1.0,9,28,11,6,3,20,0.71,104,219,745,3.4,11,124.2,119,274,1432,5.23,12,238.7,99,17,90,2.83,105,27,24,2,0,8,1,216,36.0,34,24,18,2,0,11,0,199,33.2,115,17,18,79,26,4.3,54,81,34,0.42,37,28,75,0.37,78,29:12:00,58,9,3,12,6,6,12,0,0.0,91.5,-0.6399999999999997,0.3333333333333333
630,889,Kent St.,2020,MAC,0,0,0,0,4,3,1,1,326,2426,7.44,27,607,80,261,1696,6.5,21,21,424,8,45,31,11,87,8,45,31,11,87,3,7,8,1,27,3,7,0,92,18,9,412,0.0,10,126,90,2,1294,10.27,14.38,14,324,2,47,91,648,2,7.12,13.79,162.0,125,37,325,81.25,4,1,-1,0,-1.0,4,1,-1,0,-1.0,48,27,11,8,4,23,0.85,120,17,12,2,2,16,0.94,3,200,1132,5.66,13,283.0,123,170,1048,6.16,19,262.0,18,5,33,1.25,113,21,18,1,0,2,0,152,38.0,1,27,25,0,0,4,0,199,49.8,59,19,12,98,25,6.2,3,57,32,0.56,93,21,48,0.44,63,30:01:00,49,2,3,5,2,2,4,1,0.25,40.5,0.9400000000000004,0.75
631,901,Miami (OH),2020,MAC,0,0,0,0,3,2,1,90,185,1096,5.92,10,365,55,195,1181,6.06,11,11,394,2,19,35,8,62,2,19,35,8,62,22,2,3,1,100,2,3,1,36,12,1,225,0.0,55,85,47,1,715,8.41,15.21,8,238,110,52,86,803,6,9.34,15.44,267.7,95,18,182,60.67,6,3,0,0,0.0,6,3,0,0,0.0,80,10,2,4,2,8,0.8,81,7,4,2,0,6,0.86,100,100,381,3.81,2,127.0,23,109,378,3.47,5,126.0,19,4,23,1.33,50,11,11,0,0,1,0,80,26.7,63,11,11,0,0,3,0,86,28.7,55,14,10,84,19,6.3,58,41,17,0.42,100,18,39,0.46,90,28:44:00,58,0,2,2,1,1,2,0,0.0,72.5,-0.13999999999999968,0.6666666666666666
632,915,Northern Ill.,2020,MAC,0,0,0,0,6,0,6,88,442,2205,4.99,18,368,75,379,2513,6.63,24,30,419,25,53,65,8,126,25,53,65,8,126,34,12,19,1,93,7,11,1,37,16,5,301,1.0,51,221,127,2,1443,6.53,11.36,11,241,79,104,160,1472,11,9.2,14.15,245.3,108,41,408,68.0,40,9,47,0,5.22,40,9,47,0,5.22,4,18,6,9,2,17,0.94,29,26,9,6,5,20,0.77,100,221,762,3.45,7,127.0,76,219,1041,4.75,13,173.5,77,14,91,2.33,118,30,27,1,0,7,1,232,38.7,89,18,14,2,0,7,1,149,24.8,115,15,22,91,26,4.3,120,91,26,0.29,10,19,61,0.31,11,33:39:00,98,2,5,7,8,2,10,-3,-0.5,81.5,-1.6399999999999997,0.0
633,918,Ohio,2020,MAC,0,0,0,0,3,2,1,92,171,1088,6.36,12,363,54,213,1167,5.48,6,6,389,1,28,26,2,56,1,28,26,2,56,127,0,1,0,15,4,11,0,44,12,4,234,0.0,116,54,36,0,438,8.11,12.17,4,146,22,50,92,586,3,6.37,11.72,195.3,49,20,144,48.0,6,0,0,0,0.0,6,0,0,0,0.0,80,10,5,2,1,8,0.8,101,9,3,2,3,8,0.89,22,117,650,5.56,8,216.7,94,121,581,4.8,3,193.7,104,9,50,3.0,9,6,5,0,0,3,0,50,16.7,25,14,13,0,0,2,0,103,34.3,120,11,2,39,12,4.0,88,32,12,0.38,17,15,44,0.34,80,29:09:00,4,1,5,6,2,0,2,4,1.33,73.0,0.8799999999999999,0.6666666666666666
634,947,Toledo,2020,MAC,0,0,0,0,6,4,2,12,462,2964,6.42,26,494,38,406,2173,5.35,18,18,362,22,38,64,19,121,22,38,64,19,121,93,6,13,0,57,7,13,1,56,18,16,369,0.0,9,219,143,7,1955,8.93,13.67,18,326,67,110,196,1398,12,7.13,12.71,233.0,118,58,451,75.17,27,6,23,0,3.83,27,6,23,0,3.83,69,28,7,10,6,23,0.82,108,20,3,10,5,18,0.9,62,243,1009,4.15,8,168.2,26,210,775,3.69,6,129.2,84,15,104,2.5,39,18,15,1,0,7,0,146,24.3,22,27,23,2,0,7,0,210,35.0,62,22,30,152,37,6.2,15,85,41,0.48,4,23,84,0.27,12,33:30:00,98,5,4,9,5,7,12,-3,-0.5,25.0,1.0700000000000003,0.6666666666666666
635,968,Western Mich.,2020,MAC,0,0,0,0,6,4,2,15,392,2878,7.34,32,480,60,428,2398,5.6,25,25,400,21,48,60,12,120,21,48,60,12,120,36,5,8,1,115,10,14,1,49,22,15,439,0.0,23,157,100,2,1719,10.95,17.19,18,287,76,127,199,1454,12,7.31,11.45,242.3,104,47,396,66.0,36,6,30,0,5.0,36,6,30,0,5.0,52,26,12,7,3,22,0.85,125,26,11,7,7,25,0.96,38,235,1159,4.93,14,193.2,58,229,944,4.12,13,157.3,12,7,46,1.17,94,25,17,4,0,10,0,205,34.2,10,34,31,0,0,5,0,250,41.7,6,35,32,173,51,8.5,43,67,29,0.43,60,36,91,0.4,97,28:15:00,98,1,2,3,4,2,6,-3,-0.5,37.5,1.7400000000000002,0.6666666666666666
648,844,Air Force,2020,Mountain West,0,0,0,0,6,3,3,73,373,2336,6.26,19,389,8,360,1820,5.06,11,12,303,14,52,46,8,106,14,52,46,8,106,14,8,11,1,9,3,10,0,96,14,9,324,1.0,126,61,34,3,502,8.23,14.76,3,84,4,88,143,1001,7,7.0,11.38,166.8,19,27,245,40.83,26,4,15,0,3.75,26,4,15,0,3.75,117,24,13,1,3,17,0.71,5,13,4,3,2,9,0.69,1,312,1834,5.88,16,305.7,33,217,819,3.77,4,136.5,3,2,19,0.33,3,12,12,0,0,2,0,90,15.0,92,19,17,0,0,5,0,146,24.3,125,11,12,74,17,2.8,13,68,33,0.49,105,34,73,0.47,19,32:30:00,58,3,5,8,5,3,8,0,0.0,40.5,1.2000000000000002,0.5
649,856,Boise St.,2020,Mountain West,0,0,0,0,7,5,2,98,451,2443,5.42,25,349,44,497,2613,5.26,23,23,373,37,59,65,16,140,37,59,65,16,140,56,4,7,1,111,13,19,1,28,14,26,256,0.0,49,222,139,3,1693,7.63,12.18,12,242,40,112,212,1467,10,6.92,13.1,209.6,56,34,345,49.29,76,13,102,0,7.85,76,13,102,0,7.85,15,22,13,5,2,20,0.91,93,31,12,6,9,27,0.87,114,229,750,3.28,13,107.1,66,285,1146,4.02,13,163.7,47,14,70,2.0,52,23,14,4,0,10,0,190,27.1,29,31,30,0,0,7,0,237,33.9,26,43,16,168,51,7.3,42,97,42,0.43,3,29,107,0.27,73,29:22:00,106,0,3,3,4,3,7,-4,-0.57,71.0,0.16000000000000014,0.7142857142857143
650,868,Colorado St.,2020,Mountain West,0,0,0,0,4,1,3,114,272,1294,4.76,10,324,35,298,1435,4.82,13,18,359,4,27,47,5,79,4,27,47,5,79,113,3,8,0,100,6,9,1,112,13,4,323,1.0,91,116,59,3,798,6.88,13.53,4,200,87,74,122,1001,5,8.2,13.53,250.2,47,24,190,47.5,116,17,260,3,15.29,116,17,260,3,15.29,125,13,5,1,2,8,0.62,126,16,7,5,4,16,1.0,105,156,496,3.18,6,124.0,14,176,434,2.47,8,108.5,104,12,62,3.0,104,18,17,0,0,6,0,143,35.8,106,11,11,0,0,4,0,89,22.2,1,30,24,195,42,10.5,127,59,13,0.22,65,27,67,0.4,121,25:47:00,49,4,1,5,1,3,4,1,0.25,74.5,-0.0600000000000005,0.25
651,876,Fresno St.,2020,Mountain West,0,0,0,0,6,3,3,16,464,2876,6.2,26,479,84,420,2580,6.14,22,23,430,19,60,50,7,117,19,60,50,7,117,38,8,13,1,66,5,9,1,88,32,2,728,1.0,4,248,158,5,2138,8.62,13.53,14,356,47,98,176,1306,8,7.42,13.33,217.7,32,32,272,45.33,89,7,68,0,9.71,89,7,68,0,9.71,41,28,9,9,6,24,0.86,45,26,11,4,6,21,0.81,106,216,738,3.42,12,123.0,106,244,1274,5.22,14,212.3,124,24,200,4.0,70,23,21,0,0,7,0,180,30.0,36,26,21,1,0,6,0,197,32.8,21,37,16,175,45,7.5,45,88,38,0.43,118,47,97,0.49,30,31:38:00,58,6,4,10,5,5,10,0,0.0,50.0,0.0600000000000005,0.5
652,881,Hawaii,2020,Mountain West,0,0,0,0,9,5,4,77,640,3455,5.4,29,384,68,645,3679,5.7,29,31,409,72,104,81,11,196,72,104,81,11,196,9,10,13,1,85,8,13,1,99,16,23,373,1.0,60,316,195,6,2083,6.59,10.68,14,231,24,145,264,1774,12,6.72,12.23,197.1,23,48,386,42.89,106,20,246,0,12.3,106,20,246,0,12.3,37,30,13,7,6,26,0.87,93,31,12,7,8,27,0.87,76,324,1372,4.23,15,152.4,105,381,1905,5.0,17,211.7,108,28,174,3.11,55,31,29,0,0,11,0,248,27.6,84,30,26,3,0,8,0,236,26.2,40,51,19,203,60,6.7,72,138,54,0.39,82,53,127,0.42,89,28:44:00,31,5,12,17,6,6,12,5,0.56,72.5,-0.2999999999999998,0.5555555555555556
653,911,Nevada,2020,Mountain West,0,0,0,0,9,7,2,30,615,3973,6.46,34,441,46,630,3399,5.4,25,26,378,68,65,100,15,180,68,65,100,15,180,22,12,18,1,38,12,25,0,111,25,28,618,1.0,13,359,251,4,2872,8.0,11.44,27,319,73,192,317,2156,13,6.8,11.23,239.6,110,72,625,69.44,84,9,80,0,8.89,84,9,80,0,8.89,73,38,6,13,12,31,0.82,32,31,8,9,7,24,0.77,107,256,1101,4.3,7,122.3,36,313,1243,3.97,12,138.1,65,20,151,2.22,35,26,20,1,0,10,1,210,23.3,48,34,28,0,0,15,0,277,30.8,74,41,22,242,52,5.8,57,118,49,0.42,26,48,135,0.36,29,31:39:00,58,3,6,9,5,4,9,0,0.0,38.0,1.0599999999999996,0.7777777777777778
654,912,New Mexico,2020,Mountain West,0,0,0,0,7,2,5,64,504,2756,5.47,20,394,100,460,3130,6.8,27,28,447,42,57,74,14,145,42,57,74,14,145,122,2,8,0,60,6,11,1,61,23,9,481,0.0,95,215,122,6,1386,6.45,11.36,8,198,116,143,219,1981,18,9.05,13.85,283.0,79,41,390,55.71,78,8,64,0,8.0,78,8,64,0,8.0,92,19,9,2,4,15,0.79,72,19,5,3,8,16,0.84,35,289,1370,4.74,12,195.7,67,241,1149,4.77,9,164.1,72,16,108,2.29,89,28,26,2,0,10,0,228,32.6,94,20,20,0,0,9,0,167,23.9,110,25,14,139,32,4.6,47,107,46,0.43,86,38,89,0.43,54,30:32:00,28,7,6,13,3,6,9,4,0.57,82.0,-1.33,0.2857142857142857
655,930,San Diego St.,2020,Mountain West,0,0,0,0,8,4,4,97,560,2806,5.01,20,351,4,520,2268,4.36,16,16,284,23,51,59,12,122,23,51,59,12,122,88,8,17,0,121,8,10,1,115,13,28,338,0.0,115,203,115,5,1211,5.97,10.53,6,151,16,157,262,1482,11,5.66,9.44,185.2,21,38,339,42.38,91,15,150,0,10.0,91,15,150,0,10.0,115,29,8,5,8,21,0.72,55,23,4,8,7,19,0.83,32,357,1595,4.47,14,199.4,8,258,786,3.05,5,98.2,61,17,107,2.12,12,16,14,1,0,10,0,142,17.8,91,24,23,0,0,10,0,197,24.6,9,46,38,278,65,8.1,95,120,44,0.37,7,36,121,0.3,22,32:15:00,49,5,8,13,6,5,11,2,0.25,50.5,0.6499999999999995,0.5
656,931,San Jose St.,2020,Mountain West,0,0,1,0,7,7,0,29,456,3100,6.8,26,443,22,489,2367,4.84,14,15,338,33,51,75,9,135,33,51,75,9,135,109,4,10,0,42,8,16,1,24,29,3,525,0.0,20,242,157,5,2109,8.71,13.43,18,301,60,150,243,1590,7,6.54,10.6,227.1,71,45,373,53.29,124,3,69,1,23.0,124,3,69,1,23.0,64,29,6,9,9,24,0.83,18,20,7,5,3,15,0.75,85,214,991,4.63,8,141.6,16,246,777,3.16,7,111.0,8,7,45,1.0,13,15,14,0,0,7,0,125,17.9,46,27,25,1,0,9,0,216,30.9,41,40,14,228,47,6.7,56,89,37,0.42,51,41,105,0.39,70,29:34:00,28,6,3,9,0,5,5,4,0.57,25.5,1.96,1.0
657,955,UNLV,2020,Mountain West,0,0,0,0,6,0,6,108,420,1983,4.72,13,331,119,404,2893,7.16,28,28,482,34,74,51,11,136,34,74,51,11,136,22,10,15,1,100,4,6,1,101,18,1,427,0.0,107,196,115,4,1115,5.69,9.7,6,186,61,99,163,1363,6,8.36,13.77,227.2,82,40,339,56.5,35,15,74,0,4.93,35,15,74,0,4.93,92,19,5,5,5,15,0.79,113,33,17,3,10,30,0.91,83,224,868,3.88,7,144.7,122,241,1530,6.35,22,255.0,126,29,161,4.83,113,28,27,0,0,11,0,228,38.0,119,13,11,0,0,5,0,104,17.3,95,23,14,123,30,5.0,93,92,34,0.37,108,36,77,0.47,76,29:18:00,108,3,2,5,5,4,9,-4,-0.67,113.5,-2.4400000000000004,0.0
658,957,Utah St.,2020,Mountain West,0,0,0,0,6,1,5,123,362,1655,4.57,10,276,120,444,2912,6.56,28,28,485,50,67,78,11,156,50,67,78,11,156,78,5,10,1,120,11,14,1,17,14,3,243,0.0,120,170,89,5,815,4.79,9.16,6,136,103,130,192,1564,14,8.15,12.03,260.7,45,32,284,47.33,12,9,13,0,1.44,12,9,13,0,1.44,106,8,2,2,2,6,0.75,40,24,10,5,4,19,0.79,90,192,840,4.38,4,140.0,114,252,1348,5.35,14,224.7,77,14,75,2.33,101,28,28,0,0,5,0,211,35.2,124,12,10,0,0,3,1,93,15.5,55,29,18,161,38,6.3,82,92,35,0.38,102,38,82,0.46,119,25:56:00,118,2,2,4,5,5,10,-6,-1.0,121.5,-1.9899999999999993,0.16666666666666666
659,970,Wyoming,2020,Mountain West,0,0,0,0,6,2,4,82,409,2237,5.47,17,373,16,399,1968,4.93,15,16,328,15,48,49,10,107,15,48,49,10,107,78,6,12,1,1,0,6,0,102,17,14,407,0.0,113,134,62,5,920,6.87,14.84,1,153,32,113,178,1216,8,6.83,10.76,202.7,24,30,259,43.17,66,9,64,0,7.11,66,9,64,0,7.11,32,26,12,0,11,23,0.89,8,17,6,3,3,12,0.71,16,275,1317,4.79,16,219.5,22,221,752,3.4,7,125.3,93,16,101,2.67,25,16,15,0,0,5,0,126,21.0,83,17,16,1,0,13,0,159,26.5,17,34,24,194,46,7.7,118,89,27,0.3,29,29,80,0.36,50,30:41:00,54,6,4,10,4,5,9,1,0.17,49.0,0.54,0.3333333333333333
768,848,Arizona,2020,Pac-12,0,0,0,0,5,0,5,86,373,1847,4.95,10,369,116,351,2365,6.74,25,26,473,16,55,43,10,108,16,55,43,10,108,122,3,12,0,88,5,8,1,127,2,17,110,1.0,77,189,114,7,1065,5.63,9.34,6,213,31,80,122,1012,6,8.3,12.65,202.4,89,34,294,58.8,92,6,61,0,10.17,92,6,61,0,10.17,119,13,3,2,4,9,0.69,104,28,16,3,6,25,0.89,73,184,782,4.25,4,156.4,125,229,1353,5.91,19,270.6,120,18,118,3.6,119,26,25,0,0,6,0,199,39.8,118,10,9,0,0,6,0,87,17.4,95,21,8,58,25,5.0,113,79,26,0.33,87,27,63,0.43,103,28:01:00,126,1,2,3,5,7,12,-9,-1.8,101.0,-1.79,0.0
769,849,Arizona St.,2020,Pac-12,0,0,0,0,4,2,2,20,252,1834,7.28,21,459,89,322,1743,5.41,13,13,436,10,49,40,4,93,10,49,40,4,93,118,2,6,0,42,8,16,1,42,14,10,267,0.0,99,87,51,1,777,8.93,15.24,5,194,89,100,158,1010,6,6.39,10.1,252.5,76,28,218,54.5,61,4,28,0,7.0,61,4,28,0,7.0,37,15,11,1,1,13,0.87,52,17,7,6,1,14,0.82,8,165,1057,6.41,16,264.2,87,164,733,4.47,7,183.2,26,6,43,1.5,34,13,8,2,0,1,0,93,23.2,14,22,18,0,0,3,1,161,40.2,66,20,8,93,24,6.0,28,45,21,0.47,97,31,69,0.45,83,29:01:00,1,8,5,13,4,1,5,8,2.0,54.5,1.87,0.5
770,861,California,2020,Pac-12,0,0,0,0,4,1,3,115,286,1278,4.47,10,320,41,258,1468,5.69,14,14,367,3,34,35,5,74,3,34,35,5,74,78,4,8,1,42,3,6,1,92,9,7,206,0.0,100,138,85,3,771,5.59,9.07,6,193,23,65,105,787,7,7.5,12.11,196.8,6,18,140,35.0,112,5,70,0,14.0,112,5,70,0,14.0,94,14,4,4,3,11,0.79,18,16,5,4,3,12,0.75,102,148,507,3.43,4,126.8,74,153,681,4.45,7,170.2,122,15,81,3.75,48,14,13,0,0,3,0,106,26.5,110,10,9,0,0,4,0,81,20.2,95,17,6,58,20,5.0,91,67,25,0.37,72,22,54,0.41,31,31:36:00,58,2,3,5,2,3,5,0,0.0,78.0,-1.2200000000000006,0.25
771,867,Colorado,2020,Pac-12,0,0,0,0,5,4,1,45,375,2105,5.61,18,421,45,348,1884,5.41,14,15,377,13,33,52,17,102,13,33,52,17,102,126,1,5,0,3,1,8,0,90,13,13,297,0.0,86,145,84,5,1013,6.99,12.06,6,203,48,101,188,1100,7,5.85,10.89,220.0,77,27,273,54.6,110,8,104,0,13.0,110,8,104,0,13.0,4,18,12,2,3,17,0.94,43,15,4,4,4,12,0.8,17,230,1092,4.75,12,218.4,56,160,784,4.9,7,156.8,13,6,31,1.2,51,15,12,3,0,9,0,135,27.0,56,19,19,0,0,5,0,148,29.6,4,33,20,117,43,8.6,26,79,37,0.47,16,25,74,0.34,28,31:41:00,58,4,4,8,3,5,8,0,0.0,45.0,0.20000000000000018,0.8
772,923,Oregon,2020,Pac-12,0,0,1,0,6,4,2,38,382,2578,6.75,26,430,69,446,2457,5.51,20,21,410,30,44,74,13,131,30,44,74,13,131,43,3,5,1,97,13,20,1,64,23,5,485,0.0,44,163,102,5,1497,9.18,14.68,15,250,86,131,218,1498,7,6.87,11.44,249.7,75,38,326,54.33,69,9,67,0,7.44,69,9,67,0,7.44,41,28,10,11,3,24,0.86,69,25,12,4,5,21,0.84,49,219,1081,4.94,11,180.2,60,228,959,4.21,13,159.8,32,10,55,1.67,54,21,18,1,0,6,0,164,27.3,31,27,26,1,0,4,0,202,33.7,106,27,2,113,28,4.7,24,68,32,0.47,47,37,97,0.38,107,27:40:00,113,2,5,7,7,5,12,-5,-0.83,53.5,1.2400000000000002,0.6666666666666666
773,924,Oregon St.,2020,Pac-12,0,0,0,0,7,2,5,55,491,2862,5.83,26,409,94,477,3096,6.49,28,29,442,49,75,66,14,155,49,75,66,14,155,34,12,19,1,66,5,9,1,47,18,11,357,0.0,81,233,134,5,1479,6.35,11.04,11,211,57,128,203,1573,10,7.75,12.29,224.7,54,42,342,48.86,122,7,145,1,20.71,122,7,145,1,20.71,21,28,13,8,4,25,0.89,104,28,12,5,8,25,0.89,33,258,1383,5.36,15,197.6,110,274,1523,5.56,18,217.6,36,12,82,1.71,93,29,24,1,0,11,0,233,33.3,62,27,19,3,0,5,0,202,28.9,122,19,16,88,27,3.9,64,99,40,0.4,106,42,90,0.47,104,27:57:00,85,1,5,6,3,5,8,-2,-0.29,74.5,-0.6600000000000001,0.2857142857142857
774,936,Southern California,2020,Pac-12,0,0,0,0,6,5,1,49,449,2500,5.57,25,417,43,404,2218,5.49,18,19,370,25,55,58,13,126,25,55,58,13,126,22,10,15,1,24,5,12,0,10,6,22,102,0.0,12,265,178,7,1916,7.23,10.76,17,319,44,121,187,1298,14,6.94,10.73,216.3,115,40,426,71.0,104,5,61,0,12.2,104,5,61,0,12.2,86,34,8,13,6,27,0.79,119,16,3,8,4,15,0.94,120,184,584,3.17,8,97.3,51,217,920,4.24,4,153.3,84,15,108,2.5,44,19,18,0,0,8,0,156,26.0,32,25,23,0,0,9,0,200,33.3,42,30,20,179,40,6.7,39,89,39,0.44,57,31,79,0.39,62,30:06:00,16,7,9,16,4,7,11,5,0.83,46.0,0.08000000000000007,0.8333333333333334
775,938,Stanford,2020,Pac-12,0,0,0,0,6,4,2,47,420,2521,6.0,22,420,91,400,2632,6.58,24,25,439,35,72,58,9,139,35,72,58,9,139,4,6,7,1,127,5,5,1,35,10,14,185,0.0,22,222,145,3,1720,7.75,11.86,7,287,45,100,156,1300,12,8.33,13.0,216.7,65,34,310,51.67,43,7,38,0,5.43,43,7,38,0,5.43,23,27,15,6,3,24,0.89,87,29,12,7,6,25,0.86,94,198,801,4.05,15,133.5,112,244,1332,5.46,12,222.0,32,10,60,1.67,79,25,22,0,0,6,0,190,31.7,59,22,17,3,0,7,0,176,29.3,104,28,2,120,29,4.8,15,85,41,0.48,121,39,76,0.51,27,31:51:00,42,5,2,7,2,3,5,2,0.33,69.0,-0.5800000000000001,0.6666666666666666
776,953,UCLA,2020,Pac-12,0,0,0,0,7,3,4,23,519,3185,6.14,31,455,71,527,2869,5.44,27,28,410,48,60,86,8,154,48,60,86,8,154,107,7,17,0,10,3,9,0,79,17,25,377,0.0,67,200,130,6,1571,7.86,12.08,18,224,113,161,263,1919,13,7.3,11.92,274.1,72,48,374,53.43,70,8,60,0,7.5,70,8,60,0,7.5,23,27,11,8,5,24,0.89,111,31,14,9,5,28,0.9,12,319,1614,5.06,13,230.6,31,264,950,3.6,14,135.7,36,12,79,1.71,75,28,24,0,0,7,1,215,30.7,20,33,30,1,0,6,0,248,35.4,35,40,16,198,48,6.9,35,97,43,0.44,99,49,107,0.46,87,28:52:00,85,2,9,11,7,6,13,-2,-0.29,47.0,0.6999999999999993,0.42857142857142855
777,956,Utah,2020,Pac-12,0,0,0,0,5,3,2,52,347,2049,5.9,15,410,39,332,1825,5.5,15,16,365,9,25,57,9,91,9,25,57,9,91,96,5,11,0,6,2,10,0,83,18,12,404,0.0,75,156,95,7,1079,6.92,11.36,6,216,99,110,191,1286,8,6.73,11.69,257.2,48,26,238,47.6,124,4,92,1,23.0,124,4,92,1,23.0,50,20,7,5,5,17,0.85,62,18,7,4,4,15,0.83,37,191,970,5.08,9,194.0,13,141,539,3.82,7,107.8,23,7,49,1.4,44,16,16,0,0,6,0,130,26.0,52,18,17,1,0,8,0,151,30.2,47,30,6,135,33,6.6,87,69,26,0.38,20,23,67,0.34,13,33:20:00,58,6,7,13,6,7,13,0,0.0,45.5,0.40000000000000036,0.6
778,964,Washington,2020,Pac-12,0,0,0,0,4,3,1,57,267,1611,6.03,15,403,30,259,1385,5.35,13,14,346,5,36,39,5,80,5,36,39,5,80,5,5,6,1,42,4,8,1,114,13,6,332,0.0,66,111,68,3,906,8.16,13.32,4,227,15,74,117,740,5,6.32,10.0,185.0,18,21,162,40.5,123,3,64,1,21.33,123,3,64,1,21.33,23,18,8,2,6,16,0.89,36,14,8,3,0,11,0.79,55,156,705,4.52,11,176.2,62,142,645,4.54,8,161.2,2,1,2,0.25,41,14,13,0,0,1,0,100,25.0,50,15,13,0,0,6,0,121,30.2,117,15,4,91,17,4.2,18,54,26,0.48,84,22,52,0.42,26,31:52:00,6,5,3,8,0,3,3,5,1.25,43.5,0.6800000000000006,0.75
779,965,Washington St.,2020,Pac-12,0,0,0,0,4,1,3,76,262,1536,5.86,14,384,111,276,1847,6.69,20,21,462,10,31,57,5,93,10,31,57,5,93,102,3,7,0,124,6,7,1,51,9,11,181,0.0,41,152,94,4,1019,6.7,10.84,6,255,124,103,152,1228,11,8.08,11.92,307.0,40,21,187,46.75,43,7,38,0,5.43,43,7,38,0,5.43,8,16,7,4,4,15,0.94,101,18,8,8,0,16,0.89,97,110,517,4.7,8,129.2,53,124,619,4.99,9,154.8,68,9,66,2.25,117,21,18,2,0,2,0,154,38.5,76,14,12,0,0,4,0,108,27.0,75,19,8,81,23,5.8,71,51,20,0.39,116,25,52,0.48,33,31:28:00,98,4,2,6,4,4,8,-2,-0.5,93.5,-0.8300000000000001,0.25
878,846,Alabama,2020,SEC,1,1,1,1,11,11,0,5,764,5983,7.83,68,544,33,767,3863,5.04,25,25,351,92,76,119,21,216,92,76,119,21,216,102,3,7,0,77,11,19,1,34,33,17,610,0.0,5,350,263,4,3895,11.13,14.81,33,354,78,227,393,2679,14,6.82,11.8,243.5,46,66,522,47.45,32,4,19,0,4.75,32,4,19,0,4.75,11,60,30,16,9,55,0.92,28,30,10,5,8,23,0.77,44,414,2088,5.04,35,189.8,12,374,1184,3.17,11,107.6,25,16,101,1.45,19,25,23,1,0,13,0,214,19.5,2,73,73,0,0,12,0,547,49.7,39,59,30,272,74,6.7,1,125,74,0.59,71,69,170,0.41,48,30:45:00,12,10,11,21,7,4,11,10,0.91,19.0,2.79,1.0
879,850,Arkansas,2020,SEC,0,0,0,0,10,3,7,67,678,3915,5.77,31,392,105,799,4517,5.65,39,43,452,120,103,134,18,255,120,103,134,18,255,33,7,11,1,78,14,24,1,110,14,33,345,0.0,52,284,183,6,2402,8.46,13.13,20,240,102,254,383,2596,18,6.78,10.22,259.6,34,64,457,45.7,99,23,263,2,11.43,99,23,263,2,11.43,15,33,10,13,7,30,0.91,35,46,17,13,6,36,0.78,78,394,1513,3.84,11,151.3,92,416,1921,4.62,21,192.1,115,34,186,3.4,98,43,42,1,0,15,1,349,34.9,86,34,27,1,0,8,0,257,25.7,95,37,26,177,50,5.0,105,136,46,0.34,109,74,158,0.47,125,25:17:00,33,5,13,18,7,6,13,5,0.5,86.0,0.11999999999999922,0.3
880,853,Auburn,2020,SEC,0,0,0,0,10,6,4,75,685,3850,5.62,26,385,61,708,4009,5.66,31,31,401,103,97,114,16,227,103,97,114,16,227,122,2,8,0,20,4,10,0,120,15,33,400,0.0,80,319,190,7,2123,6.66,11.17,11,212,68,211,329,2378,17,7.23,11.27,237.8,44,56,473,47.3,23,7,24,0,3.43,23,7,24,0,3.43,58,38,15,6,11,32,0.84,26,34,12,10,4,26,0.77,58,366,1727,4.72,15,172.7,64,379,1631,4.3,14,163.1,46,19,100,1.9,36,31,25,1,0,8,0,237,23.7,86,29,23,3,0,18,0,257,25.7,81,49,14,244,56,5.6,22,145,69,0.48,122,75,146,0.51,79,29:10:00,33,4,9,13,1,7,8,5,0.5,68.0,-0.040000000000000036,0.6
881,874,Florida,2020,SEC,0,0,0,0,11,8,3,9,756,5597,7.4,56,509,63,782,4452,5.69,38,41,405,117,103,129,17,249,117,103,129,17,249,43,6,10,1,99,15,23,1,23,25,41,452,0.0,1,428,296,7,4272,9.98,14.43,45,388,100,240,373,2841,25,7.62,11.84,258.3,28,56,481,43.73,93,3,31,0,10.33,93,3,31,0,10.33,9,57,11,30,12,53,0.93,59,41,11,15,8,34,0.83,110,328,1325,4.04,11,120.5,47,409,1611,3.94,13,146.5,39,19,113,1.73,63,41,37,1,0,10,0,315,28.6,11,58,57,1,0,17,0,458,41.6,51,53,36,327,71,6.5,5,127,66,0.52,74,65,159,0.41,59,30:15:00,75,5,9,14,9,7,16,-2,-0.18,36.0,1.71,0.7272727272727273
882,878,Georgia,2020,SEC,0,0,0,0,9,7,2,44,620,3792,6.12,35,421,14,597,2905,4.87,20,21,323,63,51,101,17,169,63,51,101,17,169,114,4,11,0,73,8,14,1,8,10,43,168,0.0,59,267,151,10,2095,7.85,13.87,18,233,91,212,322,2281,13,7.08,10.76,253.4,64,49,462,51.33,53,3,19,0,6.33,53,3,19,0,6.33,80,30,12,8,4,24,0.8,126,19,7,5,7,19,1.0,45,353,1697,4.81,17,188.6,1,275,624,2.27,7,69.3,44,17,133,1.89,20,21,20,0,0,11,0,179,19.9,33,38,37,1,0,10,1,299,33.2,82,47,6,250,50,5.6,11,124,61,0.49,35,47,126,0.37,58,30:19:00,73,3,9,12,3,10,13,-1,-0.11,29.0,1.25,0.7777777777777778
883,890,Kentucky,2020,SEC,0,0,0,0,10,4,6,117,611,3118,5.1,24,312,53,698,3870,5.54,33,35,387,102,95,107,22,224,102,95,107,22,224,91,7,15,0,110,15,22,1,121,12,26,323,0.0,121,222,132,5,1244,5.6,9.42,7,124,49,208,316,2203,17,6.97,10.59,220.3,62,53,512,51.2,114,12,173,1,14.42,114,12,173,1,14.42,64,29,11,5,8,24,0.83,18,40,14,12,4,30,0.75,46,389,1874,4.82,17,187.4,70,382,1667,4.36,16,166.7,34,17,102,1.7,47,35,33,2,0,5,1,264,26.4,107,27,25,0,0,10,0,217,21.7,95,38,24,149,50,5.0,83,129,49,0.38,85,55,129,0.43,47,30:45:00,22,6,13,19,7,5,12,7,0.7,85.0,-0.4400000000000004,0.4
884,895,LSU,2020,SEC,0,0,0,0,10,5,5,35,786,4339,5.52,33,434,124,678,4920,7.26,42,45,492,95,87,120,12,219,95,87,120,12,219,19,12,17,1,42,6,12,1,126,10,46,344,1.0,15,421,247,9,3122,7.42,12.64,24,312,126,198,332,3230,24,9.73,16.31,323.0,36,61,462,46.2,74,10,77,0,7.7,74,10,77,0,7.7,68,34,8,10,10,28,0.82,50,43,15,11,9,35,0.81,108,365,1217,3.33,9,121.7,72,346,1690,4.88,18,169.0,84,25,145,2.5,98,45,43,0,0,12,0,349,34.9,39,38,36,1,0,18,0,320,32.0,57,53,20,273,63,6.3,102,156,54,0.35,35,47,126,0.37,34,31:24:00,13,9,13,22,4,9,13,9,0.9,79.5,-1.7400000000000002,0.5
885,906,Mississippi St.,2020,SEC,0,0,0,0,10,3,7,103,701,3471,4.95,22,347,47,694,3803,5.48,31,35,380,84,82,107,19,208,84,82,107,19,208,42,11,18,1,25,8,19,0,118,5,37,132,0.0,16,527,354,18,3111,5.9,8.79,16,311,95,214,343,2550,22,7.43,11.92,255.0,80,61,559,55.9,61,15,105,0,7.0,61,15,105,0,7.0,110,31,6,10,7,23,0.74,41,34,8,11,8,27,0.79,127,174,360,2.07,6,36.0,21,351,1253,3.57,9,125.3,104,30,218,3.0,60,35,33,2,0,12,0,283,28.3,109,25,25,0,0,10,1,207,20.7,90,37,30,204,52,5.2,115,145,47,0.32,53,56,143,0.39,36,31:11:00,116,7,9,16,7,18,25,-9,-0.9,75.0,-0.5300000000000002,0.3
886,907,Missouri,2020,SEC,0,0,0,0,10,5,5,59,714,4020,5.63,30,402,67,669,4080,6.1,40,42,408,95,92,108,19,219,95,92,108,19,219,59,10,18,1,117,13,18,1,10,3,46,51,0.0,31,363,246,6,2668,7.35,10.85,9,267,82,182,311,2458,21,7.9,13.51,245.8,58,58,499,49.9,16,9,21,0,2.33,16,9,21,0,2.33,6,34,17,3,12,32,0.94,117,37,18,12,4,34,0.92,93,351,1352,3.85,21,135.2,63,358,1622,4.53,19,162.2,29,16,138,1.6,85,42,39,1,0,10,0,323,32.3,79,31,28,1,0,17,0,267,26.7,95,44,12,184,50,5.0,44,141,61,0.43,39,47,125,0.38,45,30:47:00,98,5,4,9,8,6,14,-5,-0.5,63.0,-0.46999999999999975,0.5
887,922,Ole Miss,2020,SEC,0,0,0,0,9,4,5,3,717,5062,7.06,50,562,127,693,4821,6.96,45,48,536,116,96,140,12,248,116,96,140,12,248,30,20,31,1,115,10,14,1,14,21,23,359,0.0,6,290,207,14,3103,10.7,14.99,28,345,127,237,342,2920,19,8.54,12.32,324.4,53,52,437,48.56,95,5,54,0,10.8,95,5,54,0,10.8,106,56,22,16,4,42,0.75,96,47,20,13,8,41,0.87,19,427,1959,4.59,22,217.7,104,351,1901,5.42,26,211.2,44,17,96,1.89,122,48,43,1,0,10,0,363,40.3,13,51,44,2,0,4,0,366,40.7,111,32,18,160,41,4.6,8,127,64,0.5,112,56,118,0.48,98,28:15:00,110,6,5,11,4,14,18,-7,-0.78,65.0,0.09999999999999964,0.4444444444444444
888,934,South Carolina,2020,SEC,0,0,0,0,10,2,8,96,664,3551,5.35,29,355,104,688,4515,6.56,44,47,452,110,113,106,15,234,110,113,106,15,234,12,17,23,1,55,8,15,1,113,18,23,453,1.0,103,295,175,9,1872,6.35,10.7,8,187,97,193,290,2561,21,8.83,13.27,256.1,26,50,437,43.7,109,12,153,0,12.75,109,12,153,0,12.75,64,29,15,6,3,24,0.83,96,47,20,12,9,41,0.87,63,369,1679,4.55,21,167.9,95,398,1954,4.91,23,195.4,95,27,150,2.7,105,47,45,0,0,11,0,360,36.0,96,29,26,1,0,11,0,235,23.5,121,31,16,150,39,3.9,97,137,50,0.37,117,61,126,0.48,74,29:21:00,95,3,8,11,6,9,15,-4,-0.4,100.0,-1.21,0.2
889,942,Tennessee,2020,SEC,0,0,0,0,10,3,7,104,660,3462,5.25,26,346,65,699,4074,5.83,30,35,407,100,83,124,14,221,100,83,124,14,221,22,16,24,1,30,4,9,0,81,5,27,112,0.0,85,285,179,9,2047,7.18,11.44,14,205,106,214,314,2658,15,8.46,12.42,265.8,59,61,502,50.2,11,8,8,0,1.0,11,8,8,0,1.0,112,23,12,3,2,17,0.74,100,43,15,11,12,38,0.88,86,375,1415,3.77,12,141.5,41,385,1416,3.68,15,141.6,100,29,209,2.9,71,35,34,0,0,19,0,301,30.1,108,29,26,0,0,5,0,215,21.5,83,47,16,208,55,5.5,119,129,39,0.3,114,70,147,0.48,105,27:57:00,98,5,5,10,6,9,15,-5,-0.5,84.5,-0.5800000000000001,0.3
890,944,Texas A&M,2020,SEC,0,0,0,0,9,8,1,33,617,3935,6.38,36,437,12,528,2849,5.4,22,24,317,52,50,91,16,157,52,50,91,16,157,121,2,7,0,93,7,11,1,54,7,45,142,0.0,57,276,174,4,2109,7.64,12.12,20,234,54,178,279,2019,16,7.24,11.34,224.3,78,53,492,54.67,1,3,-6,0,-2.0,1,3,-6,0,-2.0,47,41,13,14,8,35,0.85,113,22,6,9,5,20,0.91,27,341,1826,5.35,16,202.9,3,249,830,3.33,6,92.2,4,4,26,0.44,27,24,23,0,0,7,1,190,21.1,41,37,36,0,0,9,0,285,31.7,64,43,24,229,55,6.1,2,120,68,0.57,23,38,108,0.35,3,35:06:00,31,4,9,13,4,4,8,5,0.56,22.5,0.9799999999999995,0.8888888888888888
891,960,Vanderbilt,2020,SEC,0,0,0,0,9,0,9,110,630,2970,4.71,17,330,121,603,4387,7.28,43,44,487,95,92,117,10,219,95,92,117,10,219,43,12,20,1,81,6,10,1,39,14,12,265,0.0,71,301,192,11,1979,6.57,10.31,13,220,120,221,301,2668,24,8.86,12.07,296.4,12,42,343,38.11,107,16,201,0,12.56,107,16,201,0,12.56,118,20,3,9,2,14,0.7,112,32,12,10,7,29,0.91,113,329,991,3.01,4,110.1,90,302,1719,5.69,19,191.0,60,19,133,2.11,112,44,40,1,0,10,0,336,37.3,125,17,17,0,0,4,1,133,14.8,123,27,12,143,33,3.7,68,138,55,0.4,95,43,98,0.44,67,29:42:00,115,7,2,9,6,11,17,-8,-0.89,115.5,-2.5700000000000003,0.0
960,847,App State,2020,Sun Belt,0,0,0,0,12,9,3,26,845,5424,6.42,49,452,18,798,3946,4.94,27,30,329,101,105,95,23,223,101,105,95,23,223,61,11,20,1,40,13,27,0,16,42,17,728,1.0,105,300,190,11,2245,7.48,11.82,21,187,11,168,350,2135,13,6.1,12.71,177.9,107,88,811,67.58,14,18,39,0,2.17,14,18,39,0,2.17,106,52,17,13,9,39,0.75,24,37,12,7,9,28,0.76,7,545,3179,5.83,28,264.9,49,448,1811,4.04,14,150.9,40,21,131,1.75,21,30,20,2,0,12,0,240,20.0,30,52,51,0,0,13,2,406,33.8,80,47,42,281,68,5.7,7,162,83,0.51,41,65,172,0.38,21,32:18:00,57,3,15,18,6,11,17,1,0.08,22.0,1.4799999999999995,0.75
961,851,Arkansas St.,2020,Sun Belt,0,0,0,0,11,4,7,13,849,5387,6.35,46,490,115,821,5171,6.3,51,53,470,123,88,153,19,260,123,88,153,19,260,78,15,30,1,38,12,25,0,12,29,14,494,0.0,2,463,275,9,4008,8.66,14.57,39,364,125,249,388,3454,33,8.9,13.87,314.0,84,70,631,57.36,51,10,63,0,6.3,51,10,63,0,6.3,98,41,6,20,6,32,0.78,46,47,13,17,8,38,0.81,103,386,1379,3.57,7,125.4,54,433,1717,3.97,18,156.1,91,29,198,2.64,111,53,50,0,0,13,1,409,37.2,35,47,43,1,0,11,1,362,32.9,33,60,32,296,76,6.9,67,173,69,0.4,81,68,163,0.42,92,28:42:00,93,6,6,12,7,9,16,-4,-0.36,64.0,0.04999999999999982,0.36363636363636365
962,866,Coastal Carolina,2020,Sun Belt,0,0,1,0,11,11,0,27,740,4915,6.64,55,447,25,699,3748,5.36,24,25,341,74,86,98,13,197,74,86,98,13,197,6,12,15,1,20,10,25,0,32,43,17,793,0.0,68,255,170,4,2460,9.65,14.47,26,224,33,203,337,2231,11,6.62,10.99,202.8,3,37,368,33.45,73,7,53,1,7.57,73,7,53,1,7.57,35,55,25,17,6,48,0.87,101,27,11,5,8,24,0.89,15,485,2455,5.06,29,223.2,35,362,1517,4.19,13,137.9,10,12,56,1.09,15,25,16,2,0,12,0,206,18.7,18,56,47,1,0,9,0,412,37.5,53,53,34,322,70,6.4,4,138,75,0.54,38,52,139,0.37,5,34:15:00,9,8,14,22,7,4,11,11,1.0,26.0,1.2799999999999994,1.0
963,877,Ga. Southern,2020,Sun Belt,0,0,0,0,13,8,5,84,814,4826,5.93,38,371,15,828,4234,5.11,30,33,326,103,88,121,18,227,103,88,121,18,227,88,8,17,0,87,18,29,1,74,43,9,939,2.0,124,176,97,11,1354,7.69,13.96,9,104,42,234,406,2776,16,6.84,11.86,213.5,4,53,440,33.85,113,12,170,0,14.17,113,12,170,0,14.17,36,46,23,3,14,40,0.87,11,44,12,8,12,32,0.73,6,638,3472,5.44,29,267.1,17,422,1458,3.45,14,112.2,17,16,100,1.23,24,33,28,1,0,14,0,270,20.8,74,43,40,1,0,18,0,354,27.2,66,49,58,288,78,6.0,62,163,66,0.41,19,61,178,0.34,14,33:19:00,23,8,18,26,6,11,17,9,0.69,49.5,0.8199999999999994,0.6153846153846154
964,879,Georgia St.,2020,Sun Belt,0,0,0,0,9,5,4,48,664,3759,5.66,35,418,81,672,3819,5.68,36,40,424,78,65,118,20,203,78,65,118,20,203,38,8,13,1,52,12,23,1,29,32,10,587,0.0,65,276,162,9,2046,7.41,12.63,14,227,117,219,344,2557,21,7.43,11.68,284.1,90,49,530,58.89,46,17,93,1,5.47,46,17,93,1,5.47,2,38,18,7,11,36,0.95,68,37,12,14,5,31,0.84,42,388,1713,4.41,21,190.3,38,328,1262,3.85,15,140.2,15,11,70,1.22,91,40,35,0,0,7,0,296,32.9,38,37,34,1,0,12,0,294,32.7,13,56,30,269,71,7.9,46,144,62,0.43,31,47,128,0.37,99,28:11:00,73,8,10,18,10,9,19,-1,-0.11,64.5,-0.019999999999999574,0.5555555555555556
965,892,Louisiana,2020,Sun Belt,0,0,0,0,10,9,1,43,670,4226,6.31,41,423,31,730,3478,4.76,27,27,348,83,106,79,22,207,83,106,79,22,207,108,9,22,0,70,14,25,1,40,35,10,663,0.0,76,287,168,7,2148,7.48,12.79,18,215,5,155,303,1669,8,5.51,10.77,166.9,92,58,592,59.2,52,16,101,0,6.31,52,16,101,0,6.31,79,46,18,11,8,37,0.8,57,35,18,4,7,29,0.83,26,383,2078,5.43,23,207.8,84,427,1809,4.24,19,180.9,7,9,69,0.9,29,27,21,2,0,9,2,218,21.8,28,45,40,1,0,9,0,339,33.9,109,39,14,172,46,4.6,53,126,53,0.42,93,70,160,0.44,102,28:03:00,13,6,15,21,5,7,12,9,0.9,37.0,1.5499999999999998,0.9
966,933,South Alabama,2020,Sun Belt,0,0,0,0,11,4,7,94,770,3944,5.12,25,359,90,745,4800,6.44,37,37,436,108,90,130,11,231,108,90,130,11,231,88,16,34,0,18,10,26,0,108,20,22,490,0.0,46,351,219,6,2719,7.75,12.42,18,247,105,220,333,2881,15,8.65,13.1,261.9,5,42,384,34.91,108,8,101,0,12.62,108,8,101,0,12.62,80,30,7,8,9,24,0.8,48,53,20,12,11,43,0.81,112,419,1225,2.92,7,111.4,77,412,1919,4.66,22,174.5,121,40,273,3.64,53,37,31,3,0,13,1,300,27.3,112,26,24,0,0,13,0,219,19.9,118,40,12,125,46,4.2,69,167,66,0.4,76,59,143,0.41,57,30:22:00,70,7,7,14,9,6,15,-1,-0.09,92.0,-1.3200000000000003,0.36363636363636365
967,945,Texas St.,2020,Sun Belt,0,0,0,0,12,2,10,85,778,4436,5.7,41,370,125,939,5939,6.32,55,58,495,127,143,147,24,314,127,143,147,24,314,111,10,26,0,100,14,21,1,20,21,32,369,0.0,54,406,248,14,2861,7.05,11.54,26,238,112,278,413,3245,26,7.86,11.67,270.4,57,62,597,49.75,79,15,122,0,8.13,79,15,122,0,8.13,67,40,15,15,3,33,0.83,109,61,26,15,14,55,0.9,96,372,1575,4.23,15,131.2,113,526,2694,5.12,29,224.5,68,27,202,2.25,116,58,56,0,0,18,0,458,38.2,69,44,41,0,0,9,0,332,27.7,113,37,32,180,53,4.4,110,151,50,0.33,119,88,179,0.49,120,25:50:00,82,8,7,15,4,14,18,-3,-0.25,105.0,-0.6200000000000001,0.16666666666666666
968,948,Troy,2020,Sun Belt,0,0,0,0,11,5,6,66,784,4321,5.51,33,393,64,806,4456,5.53,33,34,405,113,101,120,21,242,113,101,120,21,242,50,10,17,1,34,13,28,0,31,17,22,313,0.0,21,456,299,13,3192,7.0,10.68,22,290,70,240,358,2623,16,7.33,10.93,238.5,37,55,509,46.27,22,11,32,0,2.91,22,11,32,0,2.91,116,46,11,14,8,33,0.72,75,40,13,10,11,34,0.85,116,328,1129,3.44,11,102.6,69,448,1833,4.09,17,166.6,47,22,161,2.0,43,34,31,0,0,16,0,283,25.7,70,37,34,1,0,13,2,301,27.4,66,51,30,262,66,6.0,31,164,75,0.46,46,61,160,0.38,116,26:53:00,93,6,8,14,5,13,18,-4,-0.36,65.0,-0.020000000000000462,0.45454545454545453
969,954,ULM,2020,Sun Belt,0,0,0,0,10,0,10,119,631,3057,4.84,23,306,113,678,4646,6.85,49,56,465,95,130,76,13,219,95,130,76,13,219,77,17,33,1,111,13,19,1,19,18,6,315,0.0,63,384,224,12,2294,5.97,10.24,14,229,43,126,217,2153,20,9.92,17.09,215.3,26,48,437,43.7,102,15,182,3,12.13,102,15,182,3,12.13,123,32,8,11,2,21,0.66,79,41,23,9,3,35,0.85,125,247,763,3.09,9,76.3,121,461,2493,5.41,29,249.3,95,27,167,2.7,124,56,54,0,0,10,0,420,42.0,122,23,15,1,0,2,1,163,16.3,89,41,24,158,53,5.3,124,133,34,0.26,127,81,142,0.57,112,27:16:00,112,7,4,11,7,12,19,-8,-0.8,116.0,-2.01,0.0
